app,snapshots,lost_warnings,reintroduced_issues,fixed_warnings,detected_warnings,fixed_warnings_forward,detected_warnings_forward,fixed_warnings_forward_bug,detected_warnings_forward_bug,fixed_warnings_forward_smell,detected_warnings_forward_smell,fixed_warnings_forward_improvement,detected_warnings_forward_improvement,fixed_warnings_backward,detected_warnings_backward,fixed_warnings_backward_bug,detected_warnings_backward_bug,fixed_warnings_backward_improvement,detected_warnings_backward_improvement,fixed_warnings_wrong_check,detected_warnings_wrong_check
pascalfree_calendar-color,0,0,0,0,0,0,0,0,0,0,0,0,0,0,0,0,0,0,0,0,0
M66B_FineGeotag,0,0,0,0,0,0,0,0,0,0,0,0,0,0,0,0,0,0,0,0,0
scoute-dich_Weather,0,0,0,0,0,0,0,0,0,0,0,0,0,0,0,0,0,0,0,0,0
mobimentum_dualsimreminder,1,0,0,0,0,0,0,0,0,0,0,0,0,0,0,0,0,0,0,0,0
microg_IchnaeaNlpBackend,3,0,0,0,0,0,0,0,0,0,0,0,0,0,0,0,0,0,0,0,0
trikita_slide,4,0,0,0,1,0,0,0,0,0,0,0,0,0,1,0,0,0,1,0,0
ndleyton_OneTwo,4,0,0,0,0,0,0,0,0,0,0,0,0,0,0,0,0,0,0,0,0
knirirr_BeeCount,4,0,0,0,2,0,0,0,0,0,0,0,0,0,2,0,0,0,2,0,0
murraycu_android-galaxyzoo,6,0,0,0,1,0,0,0,0,0,0,0,0,0,1,0,0,0,1,0,0
renyuneyun_CamCov,9,1,0,0,0,0,0,0,0,0,0,0,0,0,0,0,0,0,0,0,0
lenchan139_NCBookmark,6,0,0,0,5,0,0,0,0,0,0,0,0,0,5,0,0,0,5,0,0
fistons_TinyTinyFeed,6,0,0,0,0,0,0,0,0,0,0,0,0,0,0,0,0,0,0,0,0
fralik_Duorem,8,0,0,0,0,0,0,0,0,0,0,0,0,0,0,0,0,0,0,0,0
indication_OpenRedmine,3,0,0,0,0,0,0,0,0,0,0,0,0,0,0,0,0,0,0,0,0
alt236_USB-Device-Info---Android,9,0,0,0,0,0,0,0,0,0,0,0,0,0,0,0,0,0,0,0,0
woefe_ShoppingList,0,0,0,0,0,0,0,0,0,0,0,0,0,0,0,0,0,0,0,0,0
SecUSo_privacy-friendly-memo-game,13,0,0,0,0,0,0,0,0,0,0,0,0,0,0,0,0,0,0,0,0
MBach_AutoAirplaneMode,8,1,0,0,0,0,0,0,0,0,0,0,0,0,0,0,0,0,0,0,0
mbmb5_Eylca,15,0,0,0,2,0,0,0,0,0,0,0,0,0,2,0,0,0,2,0,0
no-go_ViboraFeed,16,0,0,0,2,0,0,0,0,0,0,0,0,0,2,0,0,0,2,0,0
quaap_DodaTheExploda,8,3,0,0,3,0,0,0,0,0,0,0,0,0,3,0,0,0,3,0,0
duckduckgo_Android,9,4,0,0,0,0,0,0,0,0,0,0,0,0,0,0,0,0,0,0,0
tjg1_nori,11,0,0,0,0,0,0,0,0,0,0,0,0,0,0,0,0,0,0,0,0
mikifus_padland,20,0,0,0,2,0,0,0,0,0,0,0,0,0,2,0,0,0,2,0,0
mlsoft_Trycorder5,18,0,0,0,3,0,2,0,0,0,0,0,2,0,1,0,0,0,1,0,0
ScreamingHawk_phone-saver,14,0,0,0,0,0,0,0,0,0,0,0,0,0,0,0,0,0,0,0,0
dkim0419_SoundRecorder,8,0,0,0,2,0,0,0,0,0,0,0,0,0,2,0,0,0,2,0,0
google_talkback,1,0,0,0,0,0,0,0,0,0,0,0,0,0,0,0,0,0,0,0,0
yaa110_Memento,5,0,0,0,2,0,0,0,0,0,0,0,0,0,2,0,0,0,2,0,0
biylda_WhereYouGo,18,0,0,0,0,0,0,0,0,0,0,0,0,0,0,0,0,0,0,0,0
Swati4star_Images-to-PDF,10,0,0,0,1,0,0,0,0,0,0,0,0,0,1,0,0,0,1,0,0
ligi_FAST,15,0,0,0,0,0,0,0,0,0,0,0,0,0,0,0,0,0,0,0,0
316k_android-fortune,1,0,0,0,0,0,0,0,0,0,0,0,0,0,0,0,0,0,0,0,0
derekcsm_hubble_gallery,0,0,0,0,0,0,0,0,0,0,0,0,0,0,0,0,0,0,0,0,0
termux_termux-api,21,0,0,0,2,0,2,0,0,0,0,0,2,0,0,0,0,0,0,0,0
caarmen_FRCAndroidWidget,26,0,0,0,0,0,0,0,0,0,0,0,0,0,0,0,0,0,0,0,0
sandsmark_QuasselDroid,1,0,0,0,0,0,0,0,0,0,0,0,0,0,0,0,0,0,0,0,0
termux_termux-app,0,0,0,0,0,0,0,0,0,0,0,0,0,0,0,0,0,0,0,0,0
EXL_Snooder21,12,0,0,0,0,0,0,0,0,0,0,0,0,0,0,0,0,0,0,0,0
jklmnn_ParkenDD,11,0,0,0,0,0,0,0,0,0,0,0,0,0,0,0,0,0,0,0,0
kodejak_Hashr,0,0,0,0,0,0,0,0,0,0,0,0,0,0,0,0,0,0,0,0,0
stefan-niedermann_nextcloud-notes,31,0,0,0,0,0,0,0,0,0,0,0,0,0,0,0,0,0,0,0,0
k3b_locationMapViewer,4,0,0,0,1,0,1,0,0,0,0,0,1,0,0,0,0,0,0,0,0
Fortyseven_ToneDef,0,0,0,0,0,0,0,0,0,0,0,0,0,0,0,0,0,0,0,0,0
ramack_ActivityDiary,14,0,0,1,1,0,0,0,0,0,0,0,0,1,1,1,1,0,0,0,0
dkanada_OpenAPK,28,11,0,0,3,0,0,0,0,0,0,0,0,0,3,0,2,0,1,0,0
billthefarmer_currency,39,1,0,1,7,0,0,0,0,0,0,0,0,1,7,0,0,1,7,0,0
LeonardoCardoso_Multitouch-Test,1,0,0,0,0,0,0,0,0,0,0,0,0,0,0,0,0,0,0,0,0
lexica_lexica,5,0,0,0,0,0,0,0,0,0,0,0,0,0,0,0,0,0,0,0,0
andDevW_getChromium,26,0,0,0,0,0,0,0,0,0,0,0,0,0,0,0,0,0,0,0,0
helloworld1_FreeOTPPlus,2,1,0,0,0,0,0,0,0,0,0,0,0,0,0,0,0,0,0,0,0
gsantner_kimai-android,9,0,0,0,0,0,0,0,0,0,0,0,0,0,0,0,0,0,0,0,0
smarek_Simple-Dilbert,4,0,0,0,0,0,0,0,0,0,0,0,0,0,0,0,0,0,0,0,0
konradrenner_kolabnotes-android,22,0,0,0,2,0,0,0,0,0,0,0,0,0,2,0,0,0,2,0,0
itds-consulting_android-silent-ping-sms,4,0,0,0,0,0,0,0,0,0,0,0,0,0,0,0,0,0,0,0,0
quaddy-services_DynamicNightLight,6,0,0,0,0,0,0,0,0,0,0,0,0,0,0,0,0,0,0,0,0
jtmcn_archwiki-viewer,17,0,0,0,0,0,0,0,0,0,0,0,0,0,0,0,0,0,0,0,0
apiote_Bimba,29,0,0,0,12,0,0,0,0,0,0,0,0,0,12,0,0,0,12,0,0
ligi_IPFSDroid,10,0,0,0,2,0,0,0,0,0,0,0,0,0,2,0,0,0,2,0,0
mozilla-mobile_focus-android,46,8,0,0,19,0,0,0,0,0,0,0,0,0,19,0,0,0,19,0,0
aidin36_simpletextcrypt,0,0,0,0,0,0,0,0,0,0,0,0,0,0,0,0,0,0,0,0,0
freeotp_freeotp-android,5,2,0,0,3,0,0,0,0,0,0,0,0,0,3,0,0,0,3,0,0
tgwizard_sls,56,0,0,0,0,0,0,0,0,0,0,0,0,0,0,0,0,0,0,0,0
vanilla-music_vanilla-music-tag-editor,3,0,0,0,0,0,0,0,0,0,0,0,0,0,0,0,0,0,0,0,0
ligi_gobandroid,41,0,0,0,0,0,0,0,0,0,0,0,0,0,0,0,0,0,0,0,0
abarisain_dmix,0,0,0,0,0,0,0,0,0,0,0,0,0,0,0,0,0,0,0,0,0
nkanaev_bubble,9,0,0,0,2,0,0,0,0,0,0,0,0,0,2,0,0,0,2,0,0
WikiJourney_wikijourney_app,2,0,0,0,0,0,0,0,0,0,0,0,0,0,0,0,0,0,0,0,0
citiususc_calendula,0,0,0,0,0,0,0,0,0,0,0,0,0,0,0,0,0,0,0,0,0
EthACKdotOrg_orWall,3,0,0,0,1,0,0,0,0,0,0,0,0,0,1,0,0,0,1,0,0
SufficientlySecure_offline-calendar,1,0,0,0,0,0,0,0,0,0,0,0,0,0,0,0,0,0,0,0,0
ubergeek42_weechat-android,23,1,0,0,0,0,0,0,0,0,0,0,0,0,0,0,0,0,0,0,0
jajasuperman_HexColorTime,5,0,0,0,0,0,0,0,0,0,0,0,0,0,0,0,0,0,0,0,0
abertschi_ad-free,21,0,0,0,1,0,0,0,0,0,0,0,0,0,1,0,0,0,1,0,0
sriharshaarangi_BatteryChargeLimit,10,0,0,0,0,0,0,0,0,0,0,0,0,0,0,0,0,0,0,0,0
etesync_android,0,0,0,0,0,0,0,0,0,0,0,0,0,0,0,0,0,0,0,0,0
shymmq_librus-client-kotlin,14,4,0,0,9,0,0,0,0,0,0,0,0,0,9,0,0,0,9,0,0
qklabs_qksms,12,2,0,0,0,0,0,0,0,0,0,0,0,0,0,0,0,0,0,0,0
indrora_Atomic,0,0,0,0,0,0,0,0,0,0,0,0,0,0,0,0,0,0,0,0,0
caarmen_scrumchatter,13,0,0,0,0,0,0,0,0,0,0,0,0,0,0,0,0,0,0,0,0
JohnMH_BoogDroid,6,0,0,0,0,0,0,0,0,0,0,0,0,0,0,0,0,0,0,0,0
termux_termux-styling,23,0,0,0,0,0,0,0,0,0,0,0,0,0,0,0,0,0,0,0,0
FredJul_Flym,7,0,0,0,0,0,0,0,0,0,0,0,0,0,0,0,0,0,0,0,0
SilenceIM_Silence,0,0,0,0,0,0,0,0,0,0,0,0,0,0,0,0,0,0,0,0,0
Arjun-sna_android-permission-checker-app,6,0,0,0,0,0,0,0,0,0,0,0,0,0,0,0,0,0,0,0,0
T-Rex96_Easy_xkcd,15,0,0,0,10,0,0,0,0,0,0,0,0,0,10,0,0,0,10,0,0
sky-map-team_stardroid,23,0,0,0,0,0,0,0,0,0,0,0,0,0,0,0,0,0,0,0,0
slartus_4pdaClient-plus,32,1,0,0,4,0,0,0,0,0,0,0,0,0,4,0,0,0,4,0,0
agateau_cat-avatar-generator-app,7,0,0,0,0,0,0,0,0,0,0,0,0,0,0,0,0,0,0,0,0
LuK1337_TimeTable2,0,0,0,0,0,0,0,0,0,0,0,0,0,0,0,0,0,0,0,0,0
no-go_TextThing,5,0,0,0,0,0,0,0,0,0,0,0,0,0,0,0,0,0,0,0,0
nbossard_packlist,29,0,0,0,2,0,0,0,0,0,0,0,0,0,2,0,0,0,2,0,0
SimpleMobileTools_Simple-App-Launcher,33,0,0,0,0,0,0,0,0,0,0,0,0,0,0,0,0,0,0,0,0
IvanVolosyuk_diskusage,3,0,0,0,0,0,0,0,0,0,0,0,0,0,0,0,0,0,0,0,0
blastrock_kaqui,8,3,0,1,3,0,0,0,0,0,0,0,0,1,3,0,0,1,3,0,0
trezor_trezor-android,8,0,0,0,0,0,0,0,0,0,0,0,0,0,0,0,0,0,0,0,0
siacs_Conversations,12,3,0,1,34,0,0,0,0,0,0,0,0,1,34,0,0,1,34,0,0
mkulesh_microMathematics,9,0,0,0,2,0,0,0,0,0,0,0,0,0,2,0,2,0,0,0,0
SecUSo_privacy-friendly-ludo,15,2,0,1,5,1,1,0,0,1,1,0,0,0,4,0,0,0,4,0,0
TwidereProject_Twidere-Android,14,44,0,0,0,0,0,0,0,0,0,0,0,0,0,0,0,0,0,0,0
francescosoave_TIS_android,3,0,0,0,0,0,0,0,0,0,0,0,0,0,0,0,0,0,0,0,0
SimpleMobileTools_Simple-Draw,60,2,0,0,7,0,0,0,0,0,0,0,0,0,7,0,0,0,7,0,0
mpcjanssen_simpletask-android,0,0,0,0,0,0,0,0,0,0,0,0,0,0,0,0,0,0,0,0,0
SecUSo_privacy-friendly-dicer,10,0,0,0,0,0,0,0,0,0,0,0,0,0,0,0,0,0,0,0,0
DF1E_SimpleExplorer,3,0,0,0,6,0,0,0,0,0,0,0,0,0,6,0,0,0,6,0,0
domogik_domodroid,74,0,0,0,3,0,3,0,0,0,0,0,3,0,0,0,0,0,0,0,0
marunjar_anewjkuapp,56,2,0,0,0,0,0,0,0,0,0,0,0,0,0,0,0,0,0,0,0
ninelima_kwikEFIS,54,0,0,0,0,0,0,0,0,0,0,0,0,0,0,0,0,0,0,0,0
ram-on_SkyTube,30,0,0,0,0,0,0,0,0,0,0,0,0,0,0,0,0,0,0,0,0
darshanparajuli_LogcatReader,7,1,0,0,3,0,0,0,0,0,0,0,0,0,3,0,0,0,3,0,0
MGaetan89_ShowsRage,4,0,0,0,4,0,0,0,0,0,0,0,0,0,4,0,0,0,4,0,0
Adonai_Man-Man,6,0,0,0,0,0,0,0,0,0,0,0,0,0,0,0,0,0,0,0,0
seguri_lock,4,0,0,0,0,0,0,0,0,0,0,0,0,0,0,0,0,0,0,0,0
cbeyls_fosdem-companion-android,30,1,0,0,0,0,0,0,0,0,0,0,0,0,0,0,0,0,0,0,0
trikita_talalarmo,4,0,0,0,0,0,0,0,0,0,0,0,0,0,0,0,0,0,0,0,0
FengMoeTeam_NHentai-android,25,4,0,0,10,0,0,0,0,0,0,0,0,0,10,0,0,0,10,0,0
inguin_moneybalance,1,0,0,0,0,0,0,0,0,0,0,0,0,0,0,0,0,0,0,0,0
naman14_Timber,11,0,0,0,13,0,4,0,0,0,0,0,4,0,9,0,4,0,5,0,0
gateship-one_odyssey,108,3,1,1,13,0,0,0,0,0,0,0,0,1,13,0,0,1,13,0,0
nitroshare_nitroshare-android,32,9,0,0,1,0,0,0,0,0,0,0,0,0,1,0,0,0,1,0,0
premnirmal_StockTicker,8,0,0,0,6,0,0,0,0,0,0,0,0,0,6,0,0,0,6,0,0
ScreamingHawk_android-slideshow,34,0,0,0,0,0,0,0,0,0,0,0,0,0,0,0,0,0,0,0,0
meonwax_soundboard,0,0,0,0,0,0,0,0,0,0,0,0,0,0,0,0,0,0,0,0,0
aario_snotepad,8,0,0,0,0,0,0,0,0,0,0,0,0,0,0,0,0,0,0,0,0
seguri_GetForegroundActivity,3,0,0,0,0,0,0,0,0,0,0,0,0,0,0,0,0,0,0,0,0
chaosdorf_meteroid,19,0,0,0,2,0,0,0,0,0,0,0,0,0,2,0,2,0,0,0,0
bronydell_MGKE_Android_App,4,0,0,0,11,0,9,0,0,0,0,0,9,0,2,0,0,0,2,0,0
billthefarmer_diary,37,1,0,0,3,0,0,0,0,0,0,0,0,0,3,0,0,0,3,0,0
Sw24Softwares_StarkeVerben,18,0,0,0,0,0,0,0,0,0,0,0,0,0,0,0,0,0,0,0,0
JBirdVegas_external_jbirdvegas_mGerrit,2,0,0,0,1,0,0,0,0,0,0,0,0,0,1,0,0,0,1,0,0
termux_termux-float,4,0,0,0,7,0,2,0,0,0,0,0,2,0,5,0,0,0,5,0,0
k3b_toGoZip,10,0,0,0,0,0,0,0,0,0,0,0,0,0,0,0,0,0,0,0,0
j4velin_SystemAppMover,6,0,0,0,0,0,0,0,0,0,0,0,0,0,0,0,0,0,0,0,0
rubenwardy_mtmods4android,11,0,0,0,0,0,0,0,0,0,0,0,0,0,0,0,0,0,0,0,0
linuxtage_glt-companion,35,2,0,0,0,0,0,0,0,0,0,0,0,0,0,0,0,0,0,0,0
mofosyne_NFCMessageBoard,1,0,0,0,0,0,0,0,0,0,0,0,0,0,0,0,0,0,0,0,0
WeAreFairphone_android_packages_apps_FairphoneLauncher3,4,0,0,0,91,0,3,0,0,0,0,0,3,0,88,0,0,0,88,0,0
tasomaniac_OpenLinkWith,3,0,0,0,1,0,1,0,0,0,0,0,1,0,0,0,0,0,0,0,0
YoeriNijs_NoteBuddy,15,0,0,0,0,0,0,0,0,0,0,0,0,0,0,0,0,0,0,0,0
QuantumBadger_RedReader,80,0,0,0,3,0,0,0,0,0,0,0,0,0,3,0,0,0,3,0,0
martykan_forecastie,51,0,0,0,0,0,0,0,0,0,0,0,0,0,0,0,0,0,0,0,0
gsantner_cherrymusic-android,4,0,0,0,0,0,0,0,0,0,0,0,0,0,0,0,0,0,0,0,0
bparmentier_OpenBikeSharing,6,0,0,0,1,0,1,0,0,0,0,0,1,0,0,0,0,0,0,0,0
heruoxin_Clip-Stack,0,0,0,0,0,0,0,0,0,0,0,0,0,0,0,0,0,0,0,0,0
farmerbb_Taskbar,91,23,0,7,28,4,14,0,0,3,3,1,11,3,14,0,0,3,14,0,0
tuskyapp_Tusky,61,10,0,2,6,0,1,0,0,0,0,0,1,2,5,2,2,0,3,0,0
edsonduarte1990_reminders,4,0,0,0,0,0,0,0,0,0,0,0,0,0,0,0,0,0,0,0,0
gsantner_markor,25,17,0,0,1,0,0,0,0,0,0,0,0,0,1,0,0,0,1,0,0
daverix_urlforwarder,1,0,0,0,0,0,0,0,0,0,0,0,0,0,0,0,0,0,0,0,0
TeamNewPipe_NewPipe,83,2,0,0,8,0,1,0,0,0,0,0,1,0,7,0,0,0,7,0,0
RCasatta_EternityWallAndroid,14,0,0,0,2,0,0,0,0,0,0,0,0,0,2,0,0,0,2,0,0
anthonycr_Lightning-Browser,28,4,0,0,8,0,2,0,0,0,0,0,2,0,6,0,2,0,4,0,0
segler-alex_RadioDroid,43,0,0,0,0,0,0,0,0,0,0,0,0,0,0,0,0,0,0,0,0
n76_wifi_backend,4,0,0,0,4,0,4,0,0,0,0,0,4,0,0,0,0,0,0,0,0
SecUSo_privacy-friendly-dice-game,16,3,1,1,1,0,0,0,0,0,0,0,0,1,1,0,0,1,1,0,0
dmfs_opentasks,32,0,0,0,0,0,0,0,0,0,0,0,0,0,0,0,0,0,0,0,0
chaosbastler_opentraining,0,0,0,0,0,0,0,0,0,0,0,0,0,0,0,0,0,0,0,0,0
gatheringhallstudios_MHGenDatabase,31,0,0,0,4,0,0,0,0,0,0,0,0,0,4,0,0,0,4,0,0
Streetwalrus_android_usb_msd,11,0,0,0,0,0,0,0,0,0,0,0,0,0,0,0,0,0,0,0,0
WeAreFairphone_android_packages_apps_ClockWidget,4,0,0,0,0,0,0,0,0,0,0,0,0,0,0,0,0,0,0,0,0
OpenLauncherTeam_openlauncher,54,18,0,2,21,0,0,0,0,0,0,0,0,2,21,0,0,2,21,0,0
hypeapps_episodie,7,1,0,0,0,0,0,0,0,0,0,0,0,0,0,0,0,0,0,0,0
nguillaumin_osmtracker-android,3,0,0,0,1,0,1,0,0,0,0,0,1,0,0,0,0,0,0,0,0
Gittner_OSMBugs,5,0,0,0,3,0,1,0,0,0,0,0,1,0,2,0,1,0,1,0,0
queler_holokenmod,0,0,0,0,0,0,0,0,0,0,0,0,0,0,0,0,0,0,0,0,0
syncthing_syncthing-android,94,1,0,0,0,0,0,0,0,0,0,0,0,0,0,0,0,0,0,0,0
vanitasvitae_EnigmAndroid,4,0,0,0,0,0,0,0,0,0,0,0,0,0,0,0,0,0,0,0,0
n76_Symphony,10,0,0,0,0,0,0,0,0,0,0,0,0,0,0,0,0,0,0,0,0
beriain_PolarClock,16,0,0,0,0,0,0,0,0,0,0,0,0,0,0,0,0,0,0,0,0
GunshipPenguin_open_flood,13,0,0,0,0,0,0,0,0,0,0,0,0,0,0,0,0,0,0,0,0
no-go_RickApp,9,0,0,1,1,0,0,0,0,0,0,0,0,1,1,1,1,0,0,0,0
micolous_metrodroid,0,0,0,0,0,0,0,0,0,0,0,0,0,0,0,0,0,0,0,0,0
JanSvoboda_aeonsend-randomizer,6,0,0,0,0,0,0,0,0,0,0,0,0,0,0,0,0,0,0,0,0
haiwen_seadroid,6,0,0,0,1,0,0,0,0,0,0,0,0,0,1,0,1,0,0,0,0
VREMSoftwareDevelopment_WifiAnalyzer,126,0,0,0,1,0,0,0,0,0,0,0,0,0,1,0,0,0,1,0,0
brarcher_baby-sleep-sounds,15,0,0,0,0,0,0,0,0,0,0,0,0,0,0,0,0,0,0,0,0
melllvar_Spark360,0,0,0,0,0,0,0,0,0,0,0,0,0,0,0,0,0,0,0,0,0
HopEdia_android-client,8,0,0,0,0,0,0,0,0,0,0,0,0,0,0,0,0,0,0,0,0
trikita_obsqr,4,0,0,0,0,0,0,0,0,0,0,0,0,0,0,0,0,0,0,0,0
equeim_tremotesf-android,12,0,0,0,0,0,0,0,0,0,0,0,0,0,0,0,0,0,0,0,0
anselm94_Torchie-Android,7,0,0,0,0,0,0,0,0,0,0,0,0,0,0,0,0,0,0,0,0
philliphsu_ClockPlus,54,5,0,0,0,0,0,0,0,0,0,0,0,0,0,0,0,0,0,0,0
javiersantos_WhatsAppBetaUpdater,4,0,0,0,0,0,0,0,0,0,0,0,0,0,0,0,0,0,0,0,0
helloworld1_AnyMemo,16,0,0,0,0,0,0,0,0,0,0,0,0,0,0,0,0,0,0,0,0
openintents_shoppinglist,7,0,0,0,0,0,0,0,0,0,0,0,0,0,0,0,0,0,0,0,0
openhab_openhab-android,18,0,0,0,1,0,0,0,0,0,0,0,0,0,1,0,0,0,1,0,0
richardchien_clear-weather-android,2,0,0,0,0,0,0,0,0,0,0,0,0,0,0,0,0,0,0,0,0
ldionmarcil_OSRSHelper,8,3,0,0,0,0,0,0,0,0,0,0,0,0,0,0,0,0,0,0,0
SimpleMobileTools_Simple-Notes,79,4,0,0,3,0,0,0,0,0,0,0,0,0,3,0,0,0,3,0,0
gstraube_cythara,37,0,0,0,0,0,0,0,0,0,0,0,0,0,0,0,0,0,0,0,0
SimpleMobileTools_Simple-Thank-You,12,0,0,0,5,0,0,0,0,0,0,0,0,0,5,0,0,0,5,0,0
dimtion_Shaarlier,3,0,0,0,0,0,0,0,0,0,0,0,0,0,0,0,0,0,0,0,0
quaap_SeafoodBerserker,13,0,0,0,0,0,0,0,0,0,0,0,0,0,0,0,0,0,0,0,0
daktak_opengapps_downloader,8,0,0,0,2,0,0,0,0,0,0,0,0,0,2,0,0,0,2,0,0
takke_DataStats,2,0,0,0,0,0,0,0,0,0,0,0,0,0,0,0,0,0,0,0,0
gianluca-nitti_android-expr-eval,21,0,0,0,0,0,0,0,0,0,0,0,0,0,0,0,0,0,0,0,0
Skarafaz_mercury,13,0,0,0,0,0,0,0,0,0,0,0,0,0,0,0,0,0,0,0,0
WIStudent_FreifunkAutoConnectApp,3,0,0,0,0,0,0,0,0,0,0,0,0,0,0,0,0,0,0,0,0
tananaev_rootless-logcat,14,0,0,0,0,0,0,0,0,0,0,0,0,0,0,0,0,0,0,0,0
Antonis427_veterondo,1,0,0,0,0,0,0,0,0,0,0,0,0,0,0,0,0,0,0,0,0
SensorApps_Sensors2OSC,2,0,0,0,0,0,0,0,0,0,0,0,0,0,0,0,0,0,0,0,0
raatmarien_chibe,21,0,0,0,2,0,0,0,0,0,0,0,0,0,2,0,0,0,2,0,0
Free-Software-for-Android_FasterGPS,2,0,0,0,0,0,0,0,0,0,0,0,0,0,0,0,0,0,0,0,0
SecUSo_privacy-friendly-pin-mnemonic,0,0,0,0,0,0,0,0,0,0,0,0,0,0,0,0,0,0,0,0,0
rastating_DroidBeard,1,0,0,0,0,0,0,0,0,0,0,0,0,0,0,0,0,0,0,0,0
jonan_ForkHub,56,0,0,0,1,0,0,0,0,0,0,0,0,0,1,0,0,0,1,0,0
pilot51_voicenotify,8,0,0,0,0,0,0,0,0,0,0,0,0,0,0,0,0,0,0,0,0
Phantast_smartnavi,5,0,0,0,0,0,0,0,0,0,0,0,0,0,0,0,0,0,0,0,0
OpenArchive_openarchive,6,0,0,0,0,0,0,0,0,0,0,0,0,0,0,0,0,0,0,0,0
rnauber_pipepanic-android,0,0,0,0,0,0,0,0,0,0,0,0,0,0,0,0,0,0,0,0,0
Leszek111_ReLaunchX,6,0,0,0,0,0,0,0,0,0,0,0,0,0,0,0,0,0,0,0,0
Sparker0i_Weather,78,2,0,4,21,4,4,0,0,0,0,4,4,0,17,0,0,0,17,0,0
andOTP_andOTP,46,2,0,0,2,0,0,0,0,0,0,0,0,0,2,0,0,0,2,0,0
TodorBalabanov_IthakaBoardGame,16,0,0,0,1,0,0,0,0,0,0,0,0,0,1,0,0,0,1,0,0
LonamiWebs_Klooni1010,20,0,0,0,0,0,0,0,0,0,0,0,0,0,0,0,0,0,0,0,0
termux_termux-boot,7,0,0,0,0,0,0,0,0,0,0,0,0,0,0,0,0,0,0,0,0
JakeLane_Toffeed,5,0,0,0,9,0,0,0,0,0,0,0,0,0,9,0,0,0,9,0,0
maxpower47_PinDroid,7,0,0,0,1,0,0,0,0,0,0,0,0,0,1,0,1,0,0,0,0
bfabiszewski_ulogger-android,17,0,0,0,0,0,0,0,0,0,0,0,0,0,0,0,0,0,0,0,0
retrobits_son_of_hunkypunk,20,0,0,0,0,0,0,0,0,0,0,0,0,0,0,0,0,0,0,0,0
rosenpin_QuickDrawEverywhere,5,3,0,0,7,0,0,0,0,0,0,0,0,0,7,0,0,0,7,0,0
baiatBun_React,4,0,0,0,0,0,0,0,0,0,0,0,0,0,0,0,0,0,0,0,0
forrestguice_SuntimesWidget,88,0,0,0,0,0,0,0,0,0,0,0,0,0,0,0,0,0,0,0,0
namlit_siteswap_generator,3,0,0,0,0,0,0,0,0,0,0,0,0,0,0,0,0,0,0,0,0
AntonioRedondo_AnotherMonitor,6,0,0,0,3,0,0,0,0,0,0,0,0,0,3,0,1,0,2,0,0
amasciul_Drinks,30,1,0,0,6,0,5,0,0,0,0,0,5,0,1,0,0,0,1,0,0
alandais_Pointeuse_S3I,3,0,0,0,0,0,0,0,0,0,0,0,0,0,0,0,0,0,0,0,0
ianmcxa_vortaro,8,0,0,0,0,0,0,0,0,0,0,0,0,0,0,0,0,0,0,0,0
tranquvis_SimpleSmsRemote,30,0,0,0,0,0,0,0,0,0,0,0,0,0,0,0,0,0,0,0,0
liato_android-bankdroid,33,0,0,0,1,0,0,0,0,0,0,0,0,0,1,0,1,0,0,0,0
HugoGresse_Anecdote,37,0,0,0,1,0,0,0,0,0,0,0,0,0,1,0,0,0,1,0,0
indywidualny_FaceSlim,30,3,0,0,3,0,0,0,0,0,0,0,0,0,3,0,0,0,3,0,0
einmalfel_PodListen,5,3,0,0,6,0,1,0,0,0,0,0,1,0,5,0,0,0,5,0,0
billthefarmer_melodeon,6,0,0,0,0,0,0,0,0,0,0,0,0,0,0,0,0,0,0,0,0
arnowelzel_periodical,17,0,0,0,0,0,0,0,0,0,0,0,0,0,0,0,0,0,0,0,0
dkanada_frost,21,0,0,0,2,0,0,0,0,0,0,0,0,0,2,0,0,0,2,0,0
0xbb_otp-authenticator,0,0,0,0,0,0,0,0,0,0,0,0,0,0,0,0,0,0,0,0,0
Maxr1998_home-assistant-Android,11,0,0,0,0,0,0,0,0,0,0,0,0,0,0,0,0,0,0,0,0
engSERGIU_React,4,0,0,0,0,0,0,0,0,0,0,0,0,0,0,0,0,0,0,0,0
k3b_intent-intercept,11,0,0,0,0,0,0,0,0,0,0,0,0,0,0,0,0,0,0,0,0
polypmer_devinettes-android,6,0,0,0,0,0,0,0,0,0,0,0,0,0,0,0,0,0,0,0,0
Neamar_KISS,134,1,4,2,4,2,2,0,0,0,0,2,2,0,2,0,1,0,1,0,0
nathanj_ogsdroid,3,0,0,0,0,0,0,0,0,0,0,0,0,0,0,0,0,0,0,0,0
paride_CopperPDF,6,1,0,0,3,0,0,0,0,0,0,0,0,0,3,0,0,0,3,0,0
microg_NominatimGeocoderBackend,6,0,0,0,0,0,0,0,0,0,0,0,0,0,0,0,0,0,0,0,0
vanilla-music_vanilla,102,0,0,0,2,0,1,0,0,0,0,0,1,0,1,0,0,0,1,0,0
andstatus_andstatus,121,6,0,0,6,0,0,0,0,0,0,0,0,0,6,0,0,0,6,0,0
SecUSo_privacy-friendly-notes,21,0,0,0,4,0,0,0,0,0,0,0,0,0,4,0,0,0,4,0,0
k3b_ContentProviderHelper,5,0,0,0,0,0,0,0,0,0,0,0,0,0,0,0,0,0,0,0,0
richardchien_jigsaw-android,2,0,0,0,0,0,0,0,0,0,0,0,0,0,0,0,0,0,0,0,0
futurice_meeting-room-tablet,6,0,0,0,0,0,0,0,0,0,0,0,0,0,0,0,0,0,0,0,0
arkon_CDFLabs,7,0,0,0,2,0,0,0,0,0,0,0,0,0,2,0,0,0,2,0,0
vitas_beaconloc,11,0,0,0,0,0,0,0,0,0,0,0,0,0,0,0,0,0,0,0,0
tobykurien_webapps,6,0,0,1,2,1,2,0,0,0,0,1,2,0,0,0,0,0,0,0,0
kenCode-de_smartcoins-wallet,61,0,2,0,7,0,0,0,0,0,0,0,0,0,7,0,1,0,6,0,0
42SK_TVKILL,9,0,0,0,0,0,0,0,0,0,0,0,0,0,0,0,0,0,0,0,0
antennapod_AntennaPod,53,0,0,0,2,0,0,0,0,0,0,0,0,0,2,0,2,0,0,0,0
ebraminio_DroidPersianCalendar,12,0,0,0,0,0,0,0,0,0,0,0,0,0,0,0,0,0,0,0,0
err4nt_SwpieView,5,0,0,0,3,0,3,0,0,0,0,0,3,0,0,0,0,0,0,0,0
federicoiosue_Omni-Notes,30,0,0,1,23,1,10,0,0,0,0,1,10,0,13,0,0,0,13,0,0
SecUSo_privacy-friendly-werewolf,19,0,0,0,2,0,0,0,0,0,0,0,0,0,2,0,0,0,2,0,0
Nutomic_ensichat,0,0,0,0,0,0,0,0,0,0,0,0,0,0,0,0,0,0,0,0,0
brarcher_video-transcoder,9,0,0,0,1,0,0,0,0,0,0,0,0,0,1,0,0,0,1,0,0
ligi_CampFahrplan,5,0,0,0,0,0,0,0,0,0,0,0,0,0,0,0,0,0,0,0,0
Mnkai_PGPClipper,2,0,0,0,0,0,0,0,0,0,0,0,0,0,0,0,0,0,0,0,0
afollestad_nock-nock,10,0,0,0,0,0,0,0,0,0,0,0,0,0,0,0,0,0,0,0,0
billthefarmer_shorty,9,0,0,0,0,0,0,0,0,0,0,0,0,0,0,0,0,0,0,0,0
RyuzakiKK_NoteCrypt,3,0,0,0,0,0,0,0,0,0,0,0,0,0,0,0,0,0,0,0,0
AdrienPoupa_VinylMusicPlayer,41,1,0,0,26,0,1,0,0,0,0,0,1,0,25,0,0,0,25,0,0
MajeurAndroid_Applications-Info,1,0,0,0,0,0,0,0,0,0,0,0,0,0,0,0,0,0,0,0,0
ValleZ_Paper-Wallet,12,0,0,0,0,0,0,0,0,0,0,0,0,0,0,0,0,0,0,0,0
SimpleMobileTools_Simple-Flashlight,42,0,0,0,0,0,0,0,0,0,0,0,0,0,0,0,0,0,0,0,0
MCMrARM_revolution-irc,5,0,0,0,4,0,0,0,0,0,0,0,0,0,4,0,0,0,4,0,0
rovo89_XposedInstaller,33,0,0,0,3,0,0,0,0,0,0,0,0,0,3,0,0,0,3,0,0
icechen1_Notable,1,0,0,0,0,0,0,0,0,0,0,0,0,0,0,0,0,0,0,0,0
SimpleMobileTools_Simple-Camera,83,8,0,0,10,0,0,0,0,0,0,0,0,0,10,0,1,0,9,0,0
billthefarmer_scope,10,0,0,0,0,0,0,0,0,0,0,0,0,0,0,0,0,0,0,0,0
corphish_NightLight,7,0,0,0,0,0,0,0,0,0,0,0,0,0,0,0,0,0,0,0,0
arpitkh96_AmazeFileManager,4,0,0,0,9,0,1,0,0,0,0,0,1,0,8,0,0,0,8,0,0
aperifons_Wa-Tor,0,0,0,0,0,0,0,0,0,0,0,0,0,0,0,0,0,0,0,0,0
btcontract_wallet,9,0,0,0,0,0,0,0,0,0,0,0,0,0,0,0,0,0,0,0,0
Diaspora-for-Android_dandelion,20,0,0,0,0,0,0,0,0,0,0,0,0,0,0,0,0,0,0,0,0
tananaev_traccar-client-android,28,0,0,0,0,0,0,0,0,0,0,0,0,0,0,0,0,0,0,0,0
iSoron_uhabits,54,0,0,0,4,0,0,0,0,0,0,0,0,0,4,0,0,0,4,0,0
rascarlo_AURdroid,9,0,0,0,0,0,0,0,0,0,0,0,0,0,0,0,0,0,0,0,0
jberkel_sms-backup-plus,9,0,0,0,0,0,0,0,0,0,0,0,0,0,0,0,0,0,0,0,0
bailuk_AAT,54,0,0,0,0,0,0,0,0,0,0,0,0,0,0,0,0,0,0,0,0
SimpleMobileTools_Simple-File-Manager,86,8,0,0,5,0,0,0,0,0,0,0,0,0,5,0,0,0,5,0,0
grmpl_StepandHeightcounter,13,0,0,0,0,0,0,0,0,0,0,0,0,0,0,0,0,0,0,0,0
shlusiak_Freebloks-Android,9,0,0,0,2,0,0,0,0,0,0,0,0,0,2,0,2,0,0,0,0
emmaguy_clean-status-bar,0,0,0,0,0,0,0,0,0,0,0,0,0,0,0,0,0,0,0,0,0
quaap_PhoneFoneFun,3,0,0,0,0,0,0,0,0,0,0,0,0,0,0,0,0,0,0,0,0
rubenroy_Minimal-Todo,0,0,0,0,0,0,0,0,0,0,0,0,0,0,0,0,0,0,0,0,0
julian-klode_dns66,48,2,0,1,6,0,0,0,0,0,0,0,0,1,6,0,0,1,6,0,0
rkkr_simple-keyboard,18,2,0,0,0,0,0,0,0,0,0,0,0,0,0,0,0,0,0,0,0
ScreamingHawk_fate-sheets,14,0,0,0,0,0,0,0,0,0,0,0,0,0,0,0,0,0,0,0,0
MyIgel_EH17Fahrplan,9,0,0,0,0,0,0,0,0,0,0,0,0,0,0,0,0,0,0,0,0
SecUSo_privacy-friendly-dame,9,2,0,0,2,0,0,0,0,0,0,0,0,0,2,0,0,0,2,0,0
ligi_MaterialTeaTimer,16,0,0,2,2,0,0,0,0,0,0,0,0,2,2,0,0,2,2,0,0
ultramega_elementary,38,1,0,1,1,0,0,0,0,0,0,0,0,1,1,0,0,1,1,0,0
intrications_intent-intercept,7,0,0,0,0,0,0,0,0,0,0,0,0,0,0,0,0,0,0,0,0
wizmer_syncorg,26,2,0,0,2,0,0,0,0,0,0,0,0,0,2,0,0,0,2,0,0
jonasbleyl_Recurrence,5,0,0,0,0,0,0,0,0,0,0,0,0,0,0,0,0,0,0,0,0
cSploit_android,1,0,0,0,0,0,0,0,0,0,0,0,0,0,0,0,0,0,0,0,0
xargsgrep_PortKnocker,9,0,0,0,1,0,0,0,0,0,0,0,0,0,1,0,1,0,0,0,0
cemrich_zapp,61,0,0,0,1,0,0,0,0,0,0,0,0,0,1,0,0,0,1,0,0
mannd_morbidmeter-android,1,0,0,0,0,0,0,0,0,0,0,0,0,0,0,0,0,0,0,0,0
kconger_org.thecongers.mtpms,3,0,0,0,4,0,0,0,0,0,0,0,0,0,4,0,0,0,4,0,0
reloZid_android-anuto,66,2,0,0,1,0,0,0,0,0,0,0,0,0,1,0,0,0,1,0,0
butzist_ActivityLauncher,3,0,0,0,0,0,0,0,0,0,0,0,0,0,0,0,0,0,0,0,0
urandom_gearshift,1,0,0,0,0,0,0,0,0,0,0,0,0,0,0,0,0,0,0,0,0
blurpy_kouchat-android,18,2,0,0,0,0,0,0,0,0,0,0,0,0,0,0,0,0,0,0,0
SecUSo_privacy-friendly-qr-scanner,9,0,0,0,1,0,0,0,0,0,0,0,0,0,1,0,0,0,1,0,0
Papuh_PapuhWalls,0,0,0,0,0,0,0,0,0,0,0,0,0,0,0,0,0,0,0,0,0
mridang_gasflow,1,0,0,0,0,0,0,0,0,0,0,0,0,0,0,0,0,0,0,0,0
SecUSo_privacy-friendly-pedometer,54,1,0,0,4,0,0,0,0,0,0,0,0,0,4,0,0,0,4,0,0
k9mail_k-9,135,2,0,0,4,0,0,0,0,0,0,0,0,0,4,0,0,0,4,0,0
daktak_afh_downloader,14,0,0,0,2,0,0,0,0,0,0,0,0,0,2,0,0,0,2,0,0
quaap_Primary,19,2,0,2,6,0,0,0,0,0,0,0,0,2,6,0,0,2,6,0,0
y20k_transistor,22,0,0,0,2,0,0,0,0,0,0,0,0,0,2,0,0,0,2,0,0
martykan_webTube,6,0,0,0,0,0,0,0,0,0,0,0,0,0,0,0,0,0,0,0,0
vishesh_sealnote,10,0,0,0,16,0,0,0,0,0,0,0,0,0,16,0,0,0,16,0,0
nerzhul_ownCloud-SMS-App,51,0,0,0,1,0,1,0,0,0,0,0,1,0,0,0,0,0,0,0,0
SecUSo_privacy-friendly-passwordgenerator,16,0,0,0,3,0,0,0,0,0,0,0,0,0,3,0,0,0,3,0,0
alexghr_bulkshare,2,0,0,0,0,0,0,0,0,0,0,0,0,0,0,0,0,0,0,0,0
SecUSo_privacy-friendly-torchlight,13,3,0,0,3,0,0,0,0,0,0,0,0,0,3,0,0,0,3,0,0
2Ra66it_updater-for-spotify,8,0,0,0,0,0,0,0,0,0,0,0,0,0,0,0,0,0,0,0,0
kollerlukas_Camera-Roll-Android-App,40,2,0,1,5,0,0,0,0,0,0,0,0,1,5,0,0,1,5,0,0
ojacquemart_vlilleChecker,9,0,0,0,1,0,1,0,0,0,0,0,1,0,0,0,0,0,0,0,0
caarmen_poet-assistant,52,6,0,6,11,6,6,0,0,0,0,6,6,0,5,0,0,0,5,0,0
meefik_busybox,16,0,0,0,0,0,0,0,0,0,0,0,0,0,0,0,0,0,0,0,0
caarmen_nounours-android,6,0,0,0,0,0,0,0,0,0,0,0,0,0,0,0,0,0,0,0,0
rootkiwi_an2linuxclient,8,0,0,0,0,0,0,0,0,0,0,0,0,0,0,0,0,0,0,0,0
spacecowboy_NotePad,7,0,0,0,0,0,0,0,0,0,0,0,0,0,0,0,0,0,0,0,0
redsolution_xabber-android,0,0,0,0,0,0,0,0,0,0,0,0,0,0,0,0,0,0,0,0,0
SecUSo_privacy-friendly-interval-timer,36,8,0,0,0,0,0,0,0,0,0,0,0,0,0,0,0,0,0,0,0
DecentralizedAmateurPagingNetwork_DAPNETApp,19,0,0,0,2,0,1,0,0,0,0,0,1,0,1,0,0,0,1,0,0
SecUSo_privacy-friendly-todo-list,31,0,0,1,2,0,0,0,0,0,0,0,0,1,2,0,0,1,2,0,0
renyuneyun_FLock,6,0,0,0,0,0,0,0,0,0,0,0,0,0,0,0,0,0,0,0,0
d4rken_reddit-android-appstore,7,0,0,0,2,0,2,0,0,0,0,0,2,0,0,0,0,0,0,0,0
scoute-dich_K9-MailClient,23,1,0,0,5,0,0,0,0,0,0,0,0,0,5,0,0,0,5,0,0
null-dev_animeopenings-android,4,0,0,0,3,0,0,0,0,0,0,0,0,0,3,0,0,0,3,0,0
inorichi_tachiyomi,140,7,0,0,20,0,1,0,0,0,0,0,1,0,19,0,1,0,18,0,0
renancunha33_diolinux_webapp2,0,0,0,0,0,0,0,0,0,0,0,0,0,0,0,0,0,0,0,0,0
joaomneto_TitanCompanion,21,0,0,0,0,0,0,0,0,0,0,0,0,0,0,0,0,0,0,0,0
westnordost_StreetComplete,118,0,0,0,7,0,3,0,0,0,0,0,3,0,4,0,0,0,4,0,0
fython_Blackbulb,16,8,0,1,5,0,0,0,0,0,0,0,0,1,5,0,0,1,5,0,0
DanielBarnett714_Acastus,15,0,0,0,0,0,0,0,0,0,0,0,0,0,0,0,0,0,0,0,0
ligi_BLExplorer,4,0,0,0,0,0,0,0,0,0,0,0,0,0,0,0,0,0,0,0,0
demantz_RFAnalyzer,6,0,0,0,0,0,0,0,0,0,0,0,0,0,0,0,0,0,0,0,0
schaal_ocreader,66,0,0,0,1,0,0,0,0,0,0,0,0,0,1,0,0,0,1,0,0
Chessmasterrr_SimpleStatsWidget,6,0,0,0,0,0,0,0,0,0,0,0,0,0,0,0,0,0,0,0,0
brarcher_budget-watch,34,0,0,0,4,0,0,0,0,0,0,0,0,0,4,0,0,0,4,0,0
VladThodo_behe-keyboard,12,0,0,1,4,0,0,0,0,0,0,0,0,1,4,0,0,1,4,0,0
quaap_ComputationalDemonology,11,0,0,0,0,0,0,0,0,0,0,0,0,0,0,0,0,0,0,0,0
uberspot_2048-android,12,0,0,0,0,0,0,0,0,0,0,0,0,0,0,0,0,0,0,0,0
brarcher_gift-card-guard,6,0,0,0,2,0,0,0,0,0,0,0,0,0,2,0,0,0,2,0,0
markusfisch_ShaderEditor,47,0,0,0,1,0,1,0,0,0,0,0,1,0,0,0,0,0,0,0,0
Berlin-Vegan_berlin-vegan-guide,4,0,0,0,1,0,1,0,0,0,0,0,1,0,0,0,0,0,0,0,0
bamless_chromium-swe-updater,6,0,0,0,0,0,0,0,0,0,0,0,0,0,0,0,0,0,0,0,0
ZeeRooo_MaterialFBook,38,3,0,0,2,0,0,0,0,0,0,0,0,0,2,0,0,0,2,0,0
schwabe_ics-openvpn,17,3,0,0,0,0,0,0,0,0,0,0,0,0,0,0,0,0,0,0,0
billthefarmer_sig-gen,14,0,0,0,0,0,0,0,0,0,0,0,0,0,0,0,0,0,0,0,0
SufficientlySecure_document-viewer,40,0,0,0,0,0,0,0,0,0,0,0,0,0,0,0,0,0,0,0,0
AmericanRedCross_OpenMapKitAndroid,3,0,0,0,3,0,0,0,0,0,0,0,0,0,3,0,0,0,3,0,0
sryze_wirebug,4,0,0,0,0,0,0,0,0,0,0,0,0,0,0,0,0,0,0,0,0
LawnchairLauncher_Lawnchair,12,20,0,3,55,1,4,0,0,0,0,1,4,2,51,0,3,2,48,0,0
JusticeRage_ApkTrack,22,0,1,0,11,0,7,0,0,0,0,0,7,0,4,0,0,0,4,0,0
PuffOpenSource_Puff-Android,28,0,0,0,3,0,0,0,0,0,0,0,0,0,3,0,0,0,3,0,0
SteamGifts_SteamGifts,13,0,0,0,5,0,0,0,0,0,0,0,0,0,5,0,0,0,5,0,0
greenaddress_abcore,49,1,0,0,0,0,0,0,0,0,0,0,0,0,0,0,0,0,0,0,0
rosenpin_AlwaysOnAmoledPlugin,7,0,0,0,0,0,0,0,0,0,0,0,0,0,0,0,0,0,0,0,0
MarcelJurtz_MTG_LifeCounter,3,0,0,0,2,0,0,0,0,0,0,0,0,0,2,0,0,0,2,0,0
quaap_BookyMcBookface,6,0,0,0,2,0,0,0,0,0,0,0,0,0,2,0,0,0,2,0,0
farmerbb_SecondScreen,21,0,0,0,5,0,0,0,0,0,0,0,0,0,5,0,0,0,5,0,0
SecUSo_privacy-friendly-ruler,13,0,0,0,1,0,0,0,0,0,0,0,0,0,1,0,0,0,1,0,0
MarcusWolschon_osmeditor4android,150,0,0,0,2,0,1,0,0,0,0,0,1,0,1,0,1,0,0,0,0
ligi_SurvivalManual,49,0,0,0,0,0,0,0,0,0,0,0,0,0,0,0,0,0,0,0,0
termux_termux-widget,13,0,0,0,0,0,0,0,0,0,0,0,0,0,0,0,0,0,0,0,0
openintents_notepad,2,0,0,0,0,0,0,0,0,0,0,0,0,0,0,0,0,0,0,0,0
adrianchifor_Swiftnotes,4,0,0,0,1,0,0,0,0,0,0,0,0,0,1,0,0,0,1,0,0
scoutant_blokish,4,0,0,0,8,0,0,0,0,0,0,0,0,0,8,0,0,0,8,0,0
czlee_debatekeeper,13,0,0,0,0,0,0,0,0,0,0,0,0,0,0,0,0,0,0,0,0
richsmith_sexytopo,26,0,0,0,0,0,0,0,0,0,0,0,0,0,0,0,0,0,0,0,0
SufficientlySecure_birthday-adapter,5,0,0,0,1,0,1,0,0,0,0,0,1,0,0,0,0,0,0,0,0
polypmer_fissure-android,19,0,0,0,1,0,0,0,0,0,0,0,0,0,1,0,0,0,1,0,0
SpEcHiDe_WhatsAppTransmitter,3,0,0,0,0,0,0,0,0,0,0,0,0,0,0,0,0,0,0,0,0
ThibaudM_timelapse-sony,8,0,0,0,0,0,0,0,0,0,0,0,0,0,0,0,0,0,0,0,0
wiglenet_wigle-wifi-wardriving,85,0,0,0,0,0,0,0,0,0,0,0,0,0,0,0,0,0,0,0,0
aaronjwood_PortAuthority,50,0,0,6,8,6,6,0,0,0,0,6,6,0,2,0,0,0,2,0,0
mattermost_mattermost-android-classic,34,0,0,0,0,0,0,0,0,0,0,0,0,0,0,0,0,0,0,0,0
faerbit_android-crond,3,0,0,0,0,0,0,0,0,0,0,0,0,0,0,0,0,0,0,0,0
easytargetmixel_micopi_android,1,0,0,0,0,0,0,0,0,0,0,0,0,0,0,0,0,0,0,0,0
Freeyourgadget_Gadgetbridge,21,0,0,0,1,0,0,0,0,0,0,0,0,0,1,0,0,0,1,0,0
vvolas_Awesome-Live-Wallpaper,6,2,0,0,0,0,0,0,0,0,0,0,0,0,0,0,0,0,0,0,0
quaap_AudioMeter,6,0,0,0,4,0,0,0,0,0,0,0,0,0,4,0,0,0,4,0,0
ebaschiera_TripleCamel,4,0,0,0,0,0,0,0,0,0,0,0,0,0,0,0,0,0,0,0,0
fasteque_rgb-tool,6,4,0,2,10,0,0,0,0,0,0,0,0,2,10,0,0,2,10,0,0
mridang_microchip,0,0,0,0,0,0,0,0,0,0,0,0,0,0,0,0,0,0,0,0,0
SimpleMobileTools_Simple-Gallery,159,9,0,4,27,0,5,0,0,0,0,0,5,4,22,0,2,4,20,0,0
0xpr03_VocableTrainer-Android,24,0,0,1,1,0,0,0,0,0,0,0,0,1,1,0,0,1,1,0,0
dkrivoruchko_ScreenStream,6,0,0,0,14,0,4,0,0,0,0,0,4,0,10,0,0,0,10,0,0
erickok_transdroid-search,7,0,0,0,0,0,0,0,0,0,0,0,0,0,0,0,0,0,0,0,0
farmerbb_Notepad,9,0,0,0,2,0,0,0,0,0,0,0,0,0,2,0,2,0,0,0,0
microg_AppleWifiNlpBackend,1,0,0,0,0,0,0,0,0,0,0,0,0,0,0,0,0,0,0,0,0
billthefarmer_accordion,6,0,0,0,0,0,0,0,0,0,0,0,0,0,0,0,0,0,0,0,0
Glucosio_android,36,0,0,0,6,0,0,0,0,0,0,0,0,0,6,0,0,0,6,0,0
TobiasBielefeld_Simple-Solitaire,65,0,0,0,0,0,0,0,0,0,0,0,0,0,0,0,0,0,0,0,0
szafir1100_drawable-notepad,9,0,0,0,2,0,0,0,0,0,0,0,0,0,2,0,0,0,2,0,0
andviane_google-books-android-viewer,7,0,0,0,1,0,0,0,0,0,0,0,0,0,1,0,0,0,1,0,0
gsantner_memetastic,23,0,0,0,6,0,0,0,0,0,0,0,0,0,6,0,0,0,6,0,0
saschpe_BirthdayCalendar,20,0,0,0,0,0,0,0,0,0,0,0,0,0,0,0,0,0,0,0,0
lordi_tickmate,20,0,0,0,1,0,0,0,0,0,0,0,0,0,1,0,0,0,1,0,0
scoutant_rpn,4,0,0,0,0,0,0,0,0,0,0,0,0,0,0,0,0,0,0,0,0
shubhamchaudhary_wordpowermadeeasy,0,0,0,0,0,0,0,0,0,0,0,0,0,0,0,0,0,0,0,0,0
WangDaYeeeeee_Mysplash,24,4,0,1,10,0,0,0,0,0,0,0,0,1,10,0,0,1,10,0,0
ctodobom_OpenNoteScanner,13,0,0,0,9,0,0,0,0,0,0,0,0,0,9,0,0,0,9,0,0
velazcod_Tinfoil-Facebook,3,0,0,0,0,0,0,0,0,0,0,0,0,0,0,0,0,0,0,0,0
deltachat_deltachat-android,31,19,0,0,22,0,0,0,0,0,0,0,0,0,22,0,0,0,22,0,0
c-base_c-beam-droid,0,0,0,0,0,0,0,0,0,0,0,0,0,0,0,0,0,0,0,0,0
wolpi_prim-ftpd,35,0,0,0,2,0,1,0,0,0,0,0,1,0,1,0,0,0,1,0,0
HoraApps_LeafPic,26,5,0,0,3,0,0,0,0,0,0,0,0,0,3,0,0,0,3,0,0
jiikuy_velocitycalculator,10,0,0,0,4,0,0,0,0,0,0,0,0,0,4,0,0,0,4,0,0
EvanRespaut_Equate,41,0,0,0,1,0,0,0,0,0,0,0,0,0,1,0,0,0,1,0,0
SimpleMobileTools_Simple-Calendar,117,5,0,2,16,0,0,0,0,0,0,0,0,2,16,0,0,2,16,0,0
bparmentier_WiFiKeyShare,0,0,0,0,0,0,0,0,0,0,0,0,0,0,0,0,0,0,0,0,0
SufficientlySecure_calendar-import-export,8,0,0,0,0,0,0,0,0,0,0,0,0,0,0,0,0,0,0,0,0
ogarcia_opensudoku,3,0,0,0,0,0,0,0,0,0,0,0,0,0,0,0,0,0,0,0,0
commons-app_apps-android-commons,165,4,0,0,23,0,6,0,0,0,0,0,6,0,17,0,0,0,17,0,0
javierllorente_adc,0,0,0,0,0,0,0,0,0,0,0,0,0,0,0,0,0,0,0,0,0
phikal_ReGeX,12,0,0,0,0,0,0,0,0,0,0,0,0,0,0,0,0,0,0,0,0
Nyubis_Pomfshare,1,0,0,0,0,0,0,0,0,0,0,0,0,0,0,0,0,0,0,0,0
mannd_epmobile,6,0,0,0,0,0,0,0,0,0,0,0,0,0,0,0,0,0,0,0,0
janosgyerik_bluetoothviewer,1,0,0,0,0,0,0,0,0,0,0,0,0,0,0,0,0,0,0,0,0
qqq3_inventum,5,0,0,0,0,0,0,0,0,0,0,0,0,0,0,0,0,0,0,0,0
luarca84_Caramelos,7,0,0,0,0,0,0,0,0,0,0,0,0,0,0,0,0,0,0,0,0
douzifly_clear-todolist,2,0,0,0,3,0,0,0,0,0,0,0,0,0,3,0,0,0,3,0,0
capitoledulibre_cdl-companion-android,32,4,0,0,0,0,0,0,0,0,0,0,0,0,0,0,0,0,0,0,0
Utyff_pMetro,4,0,0,0,1,0,0,0,0,0,0,0,0,0,1,0,0,0,1,0,0
stanipintjuk_Silverfish,25,2,0,4,6,0,0,0,0,0,0,0,0,4,6,0,0,4,6,0,0
achromaticmetaphor_IMCKTG,8,0,0,0,0,0,0,0,0,0,0,0,0,0,0,0,0,0,0,0,0
andresth_Kandroid,40,0,0,4,5,0,0,0,0,0,0,0,0,4,5,0,0,4,5,0,0
ultrafunk_netinfo,7,0,0,0,0,0,0,0,0,0,0,0,0,0,0,0,0,0,0,0,0
xbmc_Kore,79,25,0,0,21,0,12,0,0,0,0,0,12,0,9,0,0,0,9,0,0
cryptofuture_urlhda-android,3,0,0,0,0,0,0,0,0,0,0,0,0,0,0,0,0,0,0,0,0
wallabag_android-app,96,0,0,0,1,0,1,0,0,0,0,0,1,0,0,0,0,0,0,0,0
NyaaPantsu_NyaaPantsu-android-app,14,2,0,0,10,0,1,0,0,0,0,0,1,0,9,0,4,0,5,0,0
rosenpin_DBZ-Battery-Widget,7,0,0,0,0,0,0,0,0,0,0,0,0,0,0,0,0,0,0,0,0
Yubico_yubioath-android,21,4,0,0,6,0,3,0,0,0,0,0,3,0,3,0,0,0,3,0,0
redfish64_TinyTravelTracker,2,0,0,0,0,0,0,0,0,0,0,0,0,0,0,0,0,0,0,0,0
TheTorProject_ooniprobe-android,41,0,0,0,1,0,0,0,0,0,0,0,0,0,1,0,0,0,1,0,0
walleth_walleth,11,2,0,2,4,0,0,0,0,0,0,0,0,2,4,0,0,2,4,0,0
tasks_tasks,67,1,0,6,18,0,9,0,0,0,0,0,9,6,9,6,6,0,3,0,0
AdAway_AdAway,1,0,0,0,0,0,0,0,0,0,0,0,0,0,0,0,0,0,0,0,0
rparkins999_CalendarTrigger,8,2,0,1,7,0,1,0,0,0,0,0,1,1,6,0,0,1,6,0,0
PaulWoitaschek_Voice,4,0,0,0,2,0,0,0,0,0,0,0,0,0,2,0,0,0,2,0,0
corcoran_Hangar,1,0,0,0,0,0,0,0,0,0,0,0,0,0,0,0,0,0,0,0,0
j4velin_WiFi-Auto-Off,12,0,0,0,0,0,0,0,0,0,0,0,0,0,0,0,0,0,0,0,0
ligi_etheremote,0,0,0,0,0,0,0,0,0,0,0,0,0,0,0,0,0,0,0,0,0
benjaminaigner_aiproute,0,0,0,0,0,0,0,0,0,0,0,0,0,0,0,0,0,0,0,0,0
brarcher_rental-calc,20,0,0,0,2,0,0,0,0,0,0,0,0,0,2,0,0,0,2,0,0
vanilla-music_vanilla-music-lyrics-search,4,0,0,0,0,0,0,0,0,0,0,0,0,0,0,0,0,0,0,0,0
dotWee_MicroPinner,11,0,0,0,0,0,0,0,0,0,0,0,0,0,0,0,0,0,0,0,0
jensstein_oandbackup,7,0,0,0,0,0,0,0,0,0,0,0,0,0,0,0,0,0,0,0,0
billthefarmer_crossword,14,0,0,0,0,0,0,0,0,0,0,0,0,0,0,0,0,0,0,0,0
jereksel_Bucket,3,0,0,0,2,0,0,0,0,0,0,0,0,0,2,0,0,0,2,0,0
ka-ba_yucata.envoy,8,0,0,0,0,0,0,0,0,0,0,0,0,0,0,0,0,0,0,0,0
ppareit_swiftp,22,0,0,0,0,0,0,0,0,0,0,0,0,0,0,0,0,0,0,0,0
scoute-dich_browser,63,24,0,4,12,0,0,0,0,0,0,0,0,4,12,0,0,4,12,0,0
saschpe_PlanningPoker,18,2,0,0,0,0,0,0,0,0,0,0,0,0,0,0,0,0,0,0,0
seizonsenryaku_HayaiLauncher,6,0,0,0,0,0,0,0,0,0,0,0,0,0,0,0,0,0,0,0,0
TheUberCatman_crates-io-android,7,0,0,0,0,0,0,0,0,0,0,0,0,0,0,0,0,0,0,0,0
ankidroid_Anki-Android,50,0,0,0,5,0,1,0,0,0,0,0,1,0,4,0,4,0,0,0,0
imshyam_mintube,4,0,0,0,2,0,0,0,0,0,0,0,0,0,2,0,0,0,2,0,0
M66B_NetGuard,0,0,0,0,0,0,0,0,0,0,0,0,0,0,0,0,0,0,0,0,0
opacapp_opacclient,0,0,0,0,0,0,0,0,0,0,0,0,0,0,0,0,0,0,0,0,0
x1125_initd-light,4,0,0,0,0,0,0,0,0,0,0,0,0,0,0,0,0,0,0,0,0
michaelachmann_LnkShortener,5,0,0,0,0,0,0,0,0,0,0,0,0,0,0,0,0,0,0,0,0
bobthekingofegypt_BobBall,4,0,0,0,0,0,0,0,0,0,0,0,0,0,0,0,0,0,0,0,0
valerio-bozzolan_AcrylicPaint,9,0,0,0,2,0,0,0,0,0,0,0,0,0,2,0,0,0,2,0,0
SecUSo_privacy-friendly-shopping-list,20,1,0,0,3,0,0,0,0,0,0,0,0,0,3,0,0,0,3,0,0
jakobwenzel_MensaGuthaben,2,0,0,0,0,0,0,0,0,0,0,0,0,0,0,0,0,0,0,0,0
hoihei_Silectric,0,0,0,0,0,0,0,0,0,0,0,0,0,0,0,0,0,0,0,0,0
0iras0r_ils-companion-android,17,2,0,0,1,0,1,0,0,0,0,0,1,0,0,0,0,0,0,0,0
michaelkourlas_voipms-sms-client,1,0,0,0,0,0,0,0,0,0,0,0,0,0,0,0,0,0,0,0,0
billthefarmer_tuner,7,0,0,0,0,0,0,0,0,0,0,0,0,0,0,0,0,0,0,0,0
renyuneyun_Easer,38,0,0,0,0,0,0,0,0,0,0,0,0,0,0,0,0,0,0,0,0
clementine-player_Android-Remote,24,0,0,0,6,0,0,0,0,0,0,0,0,0,6,0,0,0,6,0,0
n76_Local-GSM-Backend,14,0,0,0,4,0,4,0,0,0,0,0,4,0,0,0,0,0,0,0,0
jamienicol_episodes,0,0,0,0,0,0,0,0,0,0,0,0,0,0,0,0,0,0,0,0,0
sorz_TinyKeePass,19,6,0,0,5,0,0,0,0,0,0,0,0,0,5,0,0,0,5,0,0
pocmo_Yaaic,1,0,0,0,0,0,0,0,0,0,0,0,0,0,0,0,0,0,0,0,0
rosenpin_More-For-GO,6,0,0,0,2,0,0,0,0,0,0,0,0,0,2,0,0,0,2,0,0
Renard1911_BaiApp,1,0,0,0,0,0,0,0,0,0,0,0,0,0,0,0,0,0,0,0,0
nilesr_United4,15,0,0,0,0,0,0,0,0,0,0,0,0,0,0,0,0,0,0,0,0
hwki_SimpleBitcoinWidget,3,0,0,0,0,0,0,0,0,0,0,0,0,0,0,0,0,0,0,0,0
flyingrub_SpeedMeter,8,0,0,0,4,0,0,0,0,0,0,0,0,0,4,0,0,0,4,0,0
ligi_PassAndroid,69,0,0,0,6,0,4,0,0,0,0,0,4,0,2,0,2,0,0,0,0
PhotoBackup_client-android,32,0,0,0,2,0,0,0,0,0,0,0,0,0,2,0,0,0,2,0,0
milesmcc_LibreNews-Android,15,0,0,0,0,0,0,0,0,0,0,0,0,0,0,0,0,0,0,0,0
zoff99_surespot-android,0,0,0,0,0,0,0,0,0,0,0,0,0,0,0,0,0,0,0,0,0
tobykurien_GoogleNews,1,0,0,0,0,0,0,0,0,0,0,0,0,0,0,0,0,0,0,0,0
termux_termux-tasker,9,0,0,0,0,0,0,0,0,0,0,0,0,0,0,0,0,0,0,0,0
wish7code_org.openbmap.unifiedNlpProvider,8,2,0,0,5,0,5,0,0,0,0,0,5,0,0,0,0,0,0,0,0
pmarks-net_chromadoze,0,0,0,0,0,0,0,0,0,0,0,0,0,0,0,0,0,0,0,0,0
genonbeta_TrebleShot,17,0,0,0,0,0,0,0,0,0,0,0,0,0,0,0,0,0,0,0,0
nextcloud_android,122,15,1,1,14,0,2,0,0,0,0,0,2,1,12,1,1,0,11,0,0
kaliturin_BlackList,41,0,0,0,0,0,0,0,0,0,0,0,0,0,0,0,0,0,0,0,0
devmil_PaperLaunch,0,0,0,0,0,0,0,0,0,0,0,0,0,0,0,0,0,0,0,0,0
SecUSo_privacy-friendly-netmonitor,18,2,1,1,3,0,0,0,0,0,0,0,0,1,3,0,0,1,3,0,0
shkcodes_Lyrically,19,0,0,0,0,0,0,0,0,0,0,0,0,0,0,0,0,0,0,0,0
eidottermihi_rpicheck,9,0,0,0,3,0,1,0,0,0,0,0,1,0,2,0,2,0,0,0,0
vijai1996_screenrecorder,18,0,0,0,0,0,0,0,0,0,0,0,0,0,0,0,0,0,0,0,0
WeAreFairphone_android_packages_apps_MyContactsWidget,4,0,0,0,0,0,0,0,0,0,0,0,0,0,0,0,0,0,0,0,0
raulhaag_MiMangaNu,113,0,0,0,4,0,0,0,0,0,0,0,0,0,4,0,0,0,4,0,0
nbenm_ImapNote2,3,0,0,0,1,0,0,0,0,0,0,0,0,0,1,0,0,0,1,0,0
passcard4android_PassCard,3,0,0,0,0,0,0,0,0,0,0,0,0,0,0,0,0,0,0,0,0
httpdispatch_MissedNotificationsReminder,15,0,0,0,4,0,3,0,0,0,0,0,3,0,1,0,0,0,1,0,0
Wilm0r_giggity,54,0,0,0,6,0,0,0,0,0,0,0,0,0,6,0,0,0,6,0,0
qqq3_good-weather,0,0,0,0,0,0,0,0,0,0,0,0,0,0,0,0,0,0,0,0,0
NightWhistler_PageTurner,0,0,0,0,0,0,0,0,0,0,0,0,0,0,0,0,0,0,0,0,0
Cj-Malone_Screens,13,0,0,0,0,0,0,0,0,0,0,0,0,0,0,0,0,0,0,0,0
nathan-osman_chronosnap,0,0,0,0,0,0,0,0,0,0,0,0,0,0,0,0,0,0,0,0,0
tasomaniac_hackdash,0,0,0,0,0,0,0,0,0,0,0,0,0,0,0,0,0,0,0,0,0
billthefarmer_editor,27,1,0,1,7,0,0,0,0,0,0,0,0,1,7,0,0,1,7,0,0
JiriSko_amixer-webui-android,6,0,0,0,1,0,0,0,0,0,0,0,0,0,1,0,0,0,1,0,0
sheimi_SGit,22,0,0,1,2,0,0,0,0,0,0,0,0,1,2,0,0,1,2,0,0
daktak_basketbuild_downloader,8,0,0,0,2,0,0,0,0,0,0,0,0,0,2,0,0,0,2,0,0
hidroh_materialistic,53,0,0,0,9,0,0,0,0,0,0,0,0,0,9,0,0,0,9,0,0
nutritionfactsorg_daily-dozen-android,27,0,0,0,0,0,0,0,0,0,0,0,0,0,0,0,0,0,0,0,0
SecUSo_privacy-friendly-sudoku,10,0,0,0,4,0,0,0,0,0,0,0,0,0,4,0,0,0,4,0,0
SecUSo_privacy-friendly-pain-diary,21,2,0,0,2,0,0,0,0,0,0,0,0,0,2,0,0,0,2,0,0
slapperwan_gh4a,14,0,0,0,0,0,0,0,0,0,0,0,0,0,0,0,0,0,0,0,0
kebernet_shortyz,5,0,0,0,3,0,1,0,0,0,0,0,1,0,2,0,2,0,0,0,0
SimpleMobileTools_Simple-Calculator,43,0,0,0,5,0,0,0,0,0,0,0,0,0,5,0,0,0,5,0,0
LukeStonehm_LogicalDefence,14,0,0,0,0,0,0,0,0,0,0,0,0,0,0,0,0,0,0,0,0
BiglySoftware_BiglyBT-Android,11,0,0,0,1,0,1,0,0,0,0,0,1,0,0,0,0,0,0,0,0
caarmen_network-monitor,17,0,0,0,1,0,1,0,0,0,0,0,1,0,0,0,0,0,0,0,0
quaap_LaunchTime,48,0,0,0,2,0,0,0,0,0,0,0,0,0,2,0,0,0,2,0,0
openfoodfacts_openfoodfacts-androidapp,3,2,0,0,4,0,0,0,0,0,0,0,0,0,4,0,0,0,4,0,0
TTTDevs_NextCloudBookmarksAndroid,5,0,0,0,0,0,0,0,0,0,0,0,0,0,0,0,0,0,0,0,0
subchannel13_EnchantedFortress,24,0,0,0,0,0,0,0,0,0,0,0,0,0,0,0,0,0,0,0,0
AnaelMobilia_NextINpact-Unofficial,21,0,0,0,0,0,0,0,0,0,0,0,0,0,0,0,0,0,0,0,0
nvllsvm_Audinaut,16,2,0,0,0,0,0,0,0,0,0,0,0,0,0,0,0,0,0,0,0
k3b_androFotoFinder,109,4,0,0,7,0,1,0,0,0,0,0,1,0,6,0,0,0,6,0,0
AsteroidOS_AsteroidOSSync,57,0,0,0,0,0,0,0,0,0,0,0,0,0,0,0,0,0,0,0,0
maks_MGit,51,0,0,2,2,0,0,0,0,0,0,0,0,2,2,0,0,2,2,0,0
SecUSo_privacy-friendly-weather,39,2,0,1,3,0,0,0,0,0,0,0,0,1,3,0,0,1,3,0,0
CriticalMaps_criticalmaps-android,19,0,0,0,2,0,1,0,0,0,0,0,1,0,1,0,0,0,1,0,0
raatmarien_red-moon,111,3,0,3,6,0,0,0,0,0,0,0,0,3,6,3,3,0,3,0,0
AEFeinstein_mtg-familiar,73,5,0,0,18,0,0,0,0,0,0,0,0,0,18,0,0,0,18,0,0
LISTEN-moe_android-app,23,0,0,0,0,0,0,0,0,0,0,0,0,0,0,0,0,0,0,0,0
brarcher_loyalty-card-locker,41,0,0,0,2,0,0,0,0,0,0,0,0,0,2,0,0,0,2,0,0
zeapo_Android-Password-Store,46,0,0,0,3,0,0,0,0,0,0,0,0,0,3,0,0,0,3,0,0
nv95_OpenManga,41,3,0,0,5,0,0,0,0,0,0,0,0,0,5,0,0,0,5,0,0
ccrama_Slide,115,11,1,2,74,0,11,0,0,0,0,0,11,2,63,0,1,2,62,0,0
SimpleMobileTools_Simple-Music-Player,80,4,0,0,5,0,0,0,0,0,0,0,0,0,5,0,0,0,5,0,0
quarck_CalendarNotification,93,14,0,4,15,0,0,0,0,0,0,0,0,4,15,0,0,4,15,0,0
orgzly_orgzly-android,82,0,0,0,3,0,0,0,0,0,0,0,0,0,3,0,0,0,3,0,0
yeriomin_YalpStore,56,0,0,0,0,0,0,0,0,0,0,0,0,0,0,0,0,0,0,0,0
NHellFire_KernelAdiutor,67,2,0,0,6,0,0,0,0,0,0,0,0,0,6,0,1,0,5,0,0
mtotschnig_MyExpenses,68,1,0,0,4,0,1,0,0,0,0,0,1,0,3,0,2,0,1,0,0
klassm_andFHEM,75,4,0,0,4,0,0,0,0,0,0,0,0,0,4,0,1,0,3,0,0
vector-im_riot-android,124,15,0,0,26,0,0,0,0,0,0,0,0,0,26,0,0,0,26,0,0
wikimedia_apps-android-wikipedia,200,16,1,1,36,1,1,0,0,1,1,0,0,0,35,0,0,0,35,0,0
ultrasonic_ultrasonic,42,430,0,834,2614,0,0,0,0,0,0,0,0,834,2614,834,2614,0,0,0,0
