app,builds,lost_warnings,reintroduced_issues,fw,uw,fw_forward,uw_forward,w_forward_ratio,fw_forward_bug,uw_forward_bug,w_forward_bug_ratio,fw_forward_smell,uw_forward_smell,w_forward_smell_ratio,fw_forward_improvement,uw_forward_improvement,w_forward_improvement_ratio,fw_backward,uw_backward,w_backward_ratio,fw_backward_bug,uw_backward_bug,w_backward_bug_ratio,fw_backward_improvement,uw_backward_improvement,w_backward_improvement_ratio,fw_wrong_check,uw_wrong_check,w_wrong_check_ratio
mobimentum_dualsimreminder,1,0,0,0,0,0,0,NaN,0,0,NaN,0,0,NaN,0,0,NaN,0,0,NaN,0,0,NaN,0,0,NaN,0,0,NaN
microg_IchnaeaNlpBackend,3,0,0,0,0,0,0,NaN,0,0,NaN,0,0,NaN,0,0,NaN,0,0,NaN,0,0,NaN,0,0,NaN,0,0,NaN
trikita_slide,4,0,0,0,1,0,0,NaN,0,0,NaN,0,0,NaN,0,0,NaN,0,1,0,0,0,NaN,0,1,0,0,0,NaN
ndleyton_OneTwo,4,0,0,0,0,0,0,NaN,0,0,NaN,0,0,NaN,0,0,NaN,0,0,NaN,0,0,NaN,0,0,NaN,0,0,NaN
knirirr_BeeCount,4,0,0,0,2,0,0,NaN,0,0,NaN,0,0,NaN,0,0,NaN,0,2,0,0,0,NaN,0,2,0,0,0,NaN
murraycu_android-galaxyzoo,6,0,0,0,1,0,0,NaN,0,0,NaN,0,0,NaN,0,0,NaN,0,1,0,0,0,NaN,0,1,0,0,0,NaN
renyuneyun_CamCov,9,1,0,0,0,0,0,NaN,0,0,NaN,0,0,NaN,0,0,NaN,0,0,NaN,0,0,NaN,0,0,NaN,0,0,NaN
lenchan139_NCBookmark,6,0,0,0,5,0,0,NaN,0,0,NaN,0,0,NaN,0,0,NaN,0,5,0,0,0,NaN,0,5,0,0,0,NaN
fistons_TinyTinyFeed,6,0,0,0,0,0,0,NaN,0,0,NaN,0,0,NaN,0,0,NaN,0,0,NaN,0,0,NaN,0,0,NaN,0,0,NaN
fralik_Duorem,8,0,0,0,0,0,0,NaN,0,0,NaN,0,0,NaN,0,0,NaN,0,0,NaN,0,0,NaN,0,0,NaN,0,0,NaN
indication_OpenRedmine,3,0,0,0,0,0,0,NaN,0,0,NaN,0,0,NaN,0,0,NaN,0,0,NaN,0,0,NaN,0,0,NaN,0,0,NaN
alt236_USB-Device-Info---Android,9,0,0,0,0,0,0,NaN,0,0,NaN,0,0,NaN,0,0,NaN,0,0,NaN,0,0,NaN,0,0,NaN,0,0,NaN
SecUSo_privacy-friendly-memo-game,13,0,0,0,0,0,0,NaN,0,0,NaN,0,0,NaN,0,0,NaN,0,0,NaN,0,0,NaN,0,0,NaN,0,0,NaN
MBach_AutoAirplaneMode,8,1,0,0,0,0,0,NaN,0,0,NaN,0,0,NaN,0,0,NaN,0,0,NaN,0,0,NaN,0,0,NaN,0,0,NaN
mbmb5_Eylca,15,0,0,0,2,0,0,NaN,0,0,NaN,0,0,NaN,0,0,NaN,0,2,0,0,0,NaN,0,2,0,0,0,NaN
no-go_ViboraFeed,16,0,0,0,2,0,0,NaN,0,0,NaN,0,0,NaN,0,0,NaN,0,2,0,0,0,NaN,0,2,0,0,0,NaN
quaap_DodaTheExploda,8,3,0,0,3,0,0,NaN,0,0,NaN,0,0,NaN,0,0,NaN,0,3,0,0,0,NaN,0,3,0,0,0,NaN
duckduckgo_Android,9,4,0,0,0,0,0,NaN,0,0,NaN,0,0,NaN,0,0,NaN,0,0,NaN,0,0,NaN,0,0,NaN,0,0,NaN
tjg1_nori,11,0,0,0,0,0,0,NaN,0,0,NaN,0,0,NaN,0,0,NaN,0,0,NaN,0,0,NaN,0,0,NaN,0,0,NaN
mikifus_padland,20,0,0,0,2,0,0,NaN,0,0,NaN,0,0,NaN,0,0,NaN,0,2,0,0,0,NaN,0,2,0,0,0,NaN
mlsoft_Trycorder5,18,0,0,0,3,0,2,0,0,0,NaN,0,0,NaN,0,2,0,0,1,0,0,0,NaN,0,1,0,0,0,NaN
ScreamingHawk_phone-saver,14,0,0,0,0,0,0,NaN,0,0,NaN,0,0,NaN,0,0,NaN,0,0,NaN,0,0,NaN,0,0,NaN,0,0,NaN
dkim0419_SoundRecorder,8,0,0,0,2,0,0,NaN,0,0,NaN,0,0,NaN,0,0,NaN,0,2,0,0,0,NaN,0,2,0,0,0,NaN
google_talkback,1,0,0,0,0,0,0,NaN,0,0,NaN,0,0,NaN,0,0,NaN,0,0,NaN,0,0,NaN,0,0,NaN,0,0,NaN
yaa110_Memento,5,0,0,0,2,0,0,NaN,0,0,NaN,0,0,NaN,0,0,NaN,0,2,0,0,0,NaN,0,2,0,0,0,NaN
biylda_WhereYouGo,18,0,0,0,0,0,0,NaN,0,0,NaN,0,0,NaN,0,0,NaN,0,0,NaN,0,0,NaN,0,0,NaN,0,0,NaN
Swati4star_Images-to-PDF,10,0,0,0,1,0,0,NaN,0,0,NaN,0,0,NaN,0,0,NaN,0,1,0,0,0,NaN,0,1,0,0,0,NaN
ligi_FAST,15,0,0,0,0,0,0,NaN,0,0,NaN,0,0,NaN,0,0,NaN,0,0,NaN,0,0,NaN,0,0,NaN,0,0,NaN
316k_android-fortune,1,0,0,0,0,0,0,NaN,0,0,NaN,0,0,NaN,0,0,NaN,0,0,NaN,0,0,NaN,0,0,NaN,0,0,NaN
termux_termux-api,21,0,0,0,2,0,2,0,0,0,NaN,0,0,NaN,0,2,0,0,0,NaN,0,0,NaN,0,0,NaN,0,0,NaN
caarmen_FRCAndroidWidget,26,0,0,0,0,0,0,NaN,0,0,NaN,0,0,NaN,0,0,NaN,0,0,NaN,0,0,NaN,0,0,NaN,0,0,NaN
EXL_Snooder21,12,0,0,0,0,0,0,NaN,0,0,NaN,0,0,NaN,0,0,NaN,0,0,NaN,0,0,NaN,0,0,NaN,0,0,NaN
jklmnn_ParkenDD,11,0,0,0,0,0,0,NaN,0,0,NaN,0,0,NaN,0,0,NaN,0,0,NaN,0,0,NaN,0,0,NaN,0,0,NaN
stefan-niedermann_nextcloud-notes,31,0,0,0,0,0,0,NaN,0,0,NaN,0,0,NaN,0,0,NaN,0,0,NaN,0,0,NaN,0,0,NaN,0,0,NaN
k3b_locationMapViewer,4,0,0,0,1,0,1,0,0,0,NaN,0,0,NaN,0,1,0,0,0,NaN,0,0,NaN,0,0,NaN,0,0,NaN
ramack_ActivityDiary,14,0,0,1,1,0,0,NaN,0,0,NaN,0,0,NaN,0,0,NaN,1,1,1,1,1,1,0,0,NaN,0,0,NaN
dkanada_OpenAPK,28,11,0,0,3,0,0,NaN,0,0,NaN,0,0,NaN,0,0,NaN,0,3,0,0,2,0,0,1,0,0,0,NaN
billthefarmer_currency,39,1,0,1,7,0,0,NaN,0,0,NaN,0,0,NaN,0,0,NaN,1,7,0.142857142857143,0,0,NaN,1,7,0.142857142857143,0,0,NaN
LeonardoCardoso_Multitouch-Test,1,0,0,0,0,0,0,NaN,0,0,NaN,0,0,NaN,0,0,NaN,0,0,NaN,0,0,NaN,0,0,NaN,0,0,NaN
lexica_lexica,5,0,0,0,0,0,0,NaN,0,0,NaN,0,0,NaN,0,0,NaN,0,0,NaN,0,0,NaN,0,0,NaN,0,0,NaN
andDevW_getChromium,26,0,0,0,0,0,0,NaN,0,0,NaN,0,0,NaN,0,0,NaN,0,0,NaN,0,0,NaN,0,0,NaN,0,0,NaN
helloworld1_FreeOTPPlus,2,1,0,0,0,0,0,NaN,0,0,NaN,0,0,NaN,0,0,NaN,0,0,NaN,0,0,NaN,0,0,NaN,0,0,NaN
gsantner_kimai-android,9,0,0,0,0,0,0,NaN,0,0,NaN,0,0,NaN,0,0,NaN,0,0,NaN,0,0,NaN,0,0,NaN,0,0,NaN
smarek_Simple-Dilbert,4,0,0,0,0,0,0,NaN,0,0,NaN,0,0,NaN,0,0,NaN,0,0,NaN,0,0,NaN,0,0,NaN,0,0,NaN
konradrenner_kolabnotes-android,22,0,0,0,2,0,0,NaN,0,0,NaN,0,0,NaN,0,0,NaN,0,2,0,0,0,NaN,0,2,0,0,0,NaN
itds-consulting_android-silent-ping-sms,4,0,0,0,0,0,0,NaN,0,0,NaN,0,0,NaN,0,0,NaN,0,0,NaN,0,0,NaN,0,0,NaN,0,0,NaN
quaddy-services_DynamicNightLight,6,0,0,0,0,0,0,NaN,0,0,NaN,0,0,NaN,0,0,NaN,0,0,NaN,0,0,NaN,0,0,NaN,0,0,NaN
jtmcn_archwiki-viewer,17,0,0,0,0,0,0,NaN,0,0,NaN,0,0,NaN,0,0,NaN,0,0,NaN,0,0,NaN,0,0,NaN,0,0,NaN
apiote_Bimba,29,0,0,0,12,0,0,NaN,0,0,NaN,0,0,NaN,0,0,NaN,0,12,0,0,0,NaN,0,12,0,0,0,NaN
ligi_IPFSDroid,10,0,0,0,2,0,0,NaN,0,0,NaN,0,0,NaN,0,0,NaN,0,2,0,0,0,NaN,0,2,0,0,0,NaN
mozilla-mobile_focus-android,46,8,0,0,19,0,0,NaN,0,0,NaN,0,0,NaN,0,0,NaN,0,19,0,0,0,NaN,0,19,0,0,0,NaN
freeotp_freeotp-android,5,2,0,0,3,0,0,NaN,0,0,NaN,0,0,NaN,0,0,NaN,0,3,0,0,0,NaN,0,3,0,0,0,NaN
tgwizard_sls,56,0,0,0,0,0,0,NaN,0,0,NaN,0,0,NaN,0,0,NaN,0,0,NaN,0,0,NaN,0,0,NaN,0,0,NaN
vanilla-music_vanilla-music-tag-editor,3,0,0,0,0,0,0,NaN,0,0,NaN,0,0,NaN,0,0,NaN,0,0,NaN,0,0,NaN,0,0,NaN,0,0,NaN
ligi_gobandroid,41,0,0,0,0,0,0,NaN,0,0,NaN,0,0,NaN,0,0,NaN,0,0,NaN,0,0,NaN,0,0,NaN,0,0,NaN
nkanaev_bubble,9,0,0,0,2,0,0,NaN,0,0,NaN,0,0,NaN,0,0,NaN,0,2,0,0,0,NaN,0,2,0,0,0,NaN
WikiJourney_wikijourney_app,2,0,0,0,0,0,0,NaN,0,0,NaN,0,0,NaN,0,0,NaN,0,0,NaN,0,0,NaN,0,0,NaN,0,0,NaN
EthACKdotOrg_orWall,3,0,0,0,1,0,0,NaN,0,0,NaN,0,0,NaN,0,0,NaN,0,1,0,0,0,NaN,0,1,0,0,0,NaN
SufficientlySecure_offline-calendar,1,0,0,0,0,0,0,NaN,0,0,NaN,0,0,NaN,0,0,NaN,0,0,NaN,0,0,NaN,0,0,NaN,0,0,NaN
ubergeek42_weechat-android,23,1,0,0,0,0,0,NaN,0,0,NaN,0,0,NaN,0,0,NaN,0,0,NaN,0,0,NaN,0,0,NaN,0,0,NaN
jajasuperman_HexColorTime,5,0,0,0,0,0,0,NaN,0,0,NaN,0,0,NaN,0,0,NaN,0,0,NaN,0,0,NaN,0,0,NaN,0,0,NaN
abertschi_ad-free,21,0,0,0,1,0,0,NaN,0,0,NaN,0,0,NaN,0,0,NaN,0,1,0,0,0,NaN,0,1,0,0,0,NaN
sriharshaarangi_BatteryChargeLimit,10,0,0,0,0,0,0,NaN,0,0,NaN,0,0,NaN,0,0,NaN,0,0,NaN,0,0,NaN,0,0,NaN,0,0,NaN
shymmq_librus-client-kotlin,14,4,0,0,9,0,0,NaN,0,0,NaN,0,0,NaN,0,0,NaN,0,9,0,0,0,NaN,0,9,0,0,0,NaN
qklabs_qksms,12,2,0,0,0,0,0,NaN,0,0,NaN,0,0,NaN,0,0,NaN,0,0,NaN,0,0,NaN,0,0,NaN,0,0,NaN
caarmen_scrumchatter,13,0,0,0,0,0,0,NaN,0,0,NaN,0,0,NaN,0,0,NaN,0,0,NaN,0,0,NaN,0,0,NaN,0,0,NaN
JohnMH_BoogDroid,6,0,0,0,0,0,0,NaN,0,0,NaN,0,0,NaN,0,0,NaN,0,0,NaN,0,0,NaN,0,0,NaN,0,0,NaN
termux_termux-styling,23,0,0,0,0,0,0,NaN,0,0,NaN,0,0,NaN,0,0,NaN,0,0,NaN,0,0,NaN,0,0,NaN,0,0,NaN
FredJul_Flym,7,0,0,0,0,0,0,NaN,0,0,NaN,0,0,NaN,0,0,NaN,0,0,NaN,0,0,NaN,0,0,NaN,0,0,NaN
Arjun-sna_android-permission-checker-app,6,0,0,0,0,0,0,NaN,0,0,NaN,0,0,NaN,0,0,NaN,0,0,NaN,0,0,NaN,0,0,NaN,0,0,NaN
T-Rex96_Easy_xkcd,15,0,0,0,10,0,0,NaN,0,0,NaN,0,0,NaN,0,0,NaN,0,10,0,0,0,NaN,0,10,0,0,0,NaN
slartus_4pdaClient-plus,32,1,0,0,4,0,0,NaN,0,0,NaN,0,0,NaN,0,0,NaN,0,4,0,0,0,NaN,0,4,0,0,0,NaN
agateau_cat-avatar-generator-app,7,0,0,0,0,0,0,NaN,0,0,NaN,0,0,NaN,0,0,NaN,0,0,NaN,0,0,NaN,0,0,NaN,0,0,NaN
no-go_TextThing,5,0,0,0,0,0,0,NaN,0,0,NaN,0,0,NaN,0,0,NaN,0,0,NaN,0,0,NaN,0,0,NaN,0,0,NaN
nbossard_packlist,29,0,0,0,2,0,0,NaN,0,0,NaN,0,0,NaN,0,0,NaN,0,2,0,0,0,NaN,0,2,0,0,0,NaN
SimpleMobileTools_Simple-App-Launcher,33,0,0,0,0,0,0,NaN,0,0,NaN,0,0,NaN,0,0,NaN,0,0,NaN,0,0,NaN,0,0,NaN,0,0,NaN
IvanVolosyuk_diskusage,3,0,0,0,0,0,0,NaN,0,0,NaN,0,0,NaN,0,0,NaN,0,0,NaN,0,0,NaN,0,0,NaN,0,0,NaN
blastrock_kaqui,8,3,0,1,3,0,0,NaN,0,0,NaN,0,0,NaN,0,0,NaN,1,3,0.333333333333333,0,0,NaN,1,3,0.333333333333333,0,0,NaN
trezor_trezor-android,8,0,0,0,0,0,0,NaN,0,0,NaN,0,0,NaN,0,0,NaN,0,0,NaN,0,0,NaN,0,0,NaN,0,0,NaN
siacs_Conversations,12,3,0,1,34,0,0,NaN,0,0,NaN,0,0,NaN,0,0,NaN,1,34,0.029411764705882,0,0,NaN,1,34,0.029411764705882,0,0,NaN
mkulesh_microMathematics,9,0,0,0,2,0,0,NaN,0,0,NaN,0,0,NaN,0,0,NaN,0,2,0,0,2,0,0,0,NaN,0,0,NaN
SecUSo_privacy-friendly-ludo,15,2,0,1,5,1,1,1,0,0,NaN,1,1,1,0,0,NaN,0,4,0,0,0,NaN,0,4,0,0,0,NaN
TwidereProject_Twidere-Android,14,44,0,0,0,0,0,NaN,0,0,NaN,0,0,NaN,0,0,NaN,0,0,NaN,0,0,NaN,0,0,NaN,0,0,NaN
francescosoave_TIS_android,3,0,0,0,0,0,0,NaN,0,0,NaN,0,0,NaN,0,0,NaN,0,0,NaN,0,0,NaN,0,0,NaN,0,0,NaN
SimpleMobileTools_Simple-Draw,60,2,0,0,7,0,0,NaN,0,0,NaN,0,0,NaN,0,0,NaN,0,7,0,0,0,NaN,0,7,0,0,0,NaN
SecUSo_privacy-friendly-dicer,10,0,0,0,0,0,0,NaN,0,0,NaN,0,0,NaN,0,0,NaN,0,0,NaN,0,0,NaN,0,0,NaN,0,0,NaN
DF1E_SimpleExplorer,3,0,0,0,6,0,0,NaN,0,0,NaN,0,0,NaN,0,0,NaN,0,6,0,0,0,NaN,0,6,0,0,0,NaN
domogik_domodroid,74,0,0,0,3,0,3,0,0,0,NaN,0,0,NaN,0,3,0,0,0,NaN,0,0,NaN,0,0,NaN,0,0,NaN
marunjar_anewjkuapp,56,2,0,0,0,0,0,NaN,0,0,NaN,0,0,NaN,0,0,NaN,0,0,NaN,0,0,NaN,0,0,NaN,0,0,NaN
ninelima_kwikEFIS,54,0,0,0,0,0,0,NaN,0,0,NaN,0,0,NaN,0,0,NaN,0,0,NaN,0,0,NaN,0,0,NaN,0,0,NaN
ram-on_SkyTube,30,0,0,0,0,0,0,NaN,0,0,NaN,0,0,NaN,0,0,NaN,0,0,NaN,0,0,NaN,0,0,NaN,0,0,NaN
darshanparajuli_LogcatReader,7,1,0,0,3,0,0,NaN,0,0,NaN,0,0,NaN,0,0,NaN,0,3,0,0,0,NaN,0,3,0,0,0,NaN
Adonai_Man-Man,6,0,0,0,0,0,0,NaN,0,0,NaN,0,0,NaN,0,0,NaN,0,0,NaN,0,0,NaN,0,0,NaN,0,0,NaN
seguri_lock,4,0,0,0,0,0,0,NaN,0,0,NaN,0,0,NaN,0,0,NaN,0,0,NaN,0,0,NaN,0,0,NaN,0,0,NaN
cbeyls_fosdem-companion-android,30,1,0,0,0,0,0,NaN,0,0,NaN,0,0,NaN,0,0,NaN,0,0,NaN,0,0,NaN,0,0,NaN,0,0,NaN
trikita_talalarmo,4,0,0,0,0,0,0,NaN,0,0,NaN,0,0,NaN,0,0,NaN,0,0,NaN,0,0,NaN,0,0,NaN,0,0,NaN
FengMoeTeam_NHentai-android,25,4,0,0,10,0,0,NaN,0,0,NaN,0,0,NaN,0,0,NaN,0,10,0,0,0,NaN,0,10,0,0,0,NaN
inguin_moneybalance,1,0,0,0,0,0,0,NaN,0,0,NaN,0,0,NaN,0,0,NaN,0,0,NaN,0,0,NaN,0,0,NaN,0,0,NaN
naman14_Timber,11,0,0,0,13,0,4,0,0,0,NaN,0,0,NaN,0,4,0,0,9,0,0,4,0,0,5,0,0,0,NaN
gateship-one_odyssey,108,3,1,1,13,0,0,NaN,0,0,NaN,0,0,NaN,0,0,NaN,1,13,0.076923076923077,0,0,NaN,1,13,0.076923076923077,0,0,NaN
nitroshare_nitroshare-android,32,9,0,0,1,0,0,NaN,0,0,NaN,0,0,NaN,0,0,NaN,0,1,0,0,0,NaN,0,1,0,0,0,NaN
premnirmal_StockTicker,8,0,0,0,6,0,0,NaN,0,0,NaN,0,0,NaN,0,0,NaN,0,6,0,0,0,NaN,0,6,0,0,0,NaN
ScreamingHawk_android-slideshow,34,0,0,0,0,0,0,NaN,0,0,NaN,0,0,NaN,0,0,NaN,0,0,NaN,0,0,NaN,0,0,NaN,0,0,NaN
aario_snotepad,8,0,0,0,0,0,0,NaN,0,0,NaN,0,0,NaN,0,0,NaN,0,0,NaN,0,0,NaN,0,0,NaN,0,0,NaN
seguri_GetForegroundActivity,3,0,0,0,0,0,0,NaN,0,0,NaN,0,0,NaN,0,0,NaN,0,0,NaN,0,0,NaN,0,0,NaN,0,0,NaN
chaosdorf_meteroid,19,0,0,0,2,0,0,NaN,0,0,NaN,0,0,NaN,0,0,NaN,0,2,0,0,2,0,0,0,NaN,0,0,NaN
bronydell_MGKE_Android_App,4,0,0,0,11,0,9,0,0,0,NaN,0,0,NaN,0,9,0,0,2,0,0,0,NaN,0,2,0,0,0,NaN
billthefarmer_diary,37,1,0,0,3,0,0,NaN,0,0,NaN,0,0,NaN,0,0,NaN,0,3,0,0,0,NaN,0,3,0,0,0,NaN
Sw24Softwares_StarkeVerben,18,0,0,0,0,0,0,NaN,0,0,NaN,0,0,NaN,0,0,NaN,0,0,NaN,0,0,NaN,0,0,NaN,0,0,NaN
termux_termux-float,4,0,0,0,7,0,2,0,0,0,NaN,0,0,NaN,0,2,0,0,5,0,0,0,NaN,0,5,0,0,0,NaN
k3b_toGoZip,10,0,0,0,0,0,0,NaN,0,0,NaN,0,0,NaN,0,0,NaN,0,0,NaN,0,0,NaN,0,0,NaN,0,0,NaN
j4velin_SystemAppMover,6,0,0,0,0,0,0,NaN,0,0,NaN,0,0,NaN,0,0,NaN,0,0,NaN,0,0,NaN,0,0,NaN,0,0,NaN
rubenwardy_mtmods4android,11,0,0,0,0,0,0,NaN,0,0,NaN,0,0,NaN,0,0,NaN,0,0,NaN,0,0,NaN,0,0,NaN,0,0,NaN
linuxtage_glt-companion,35,2,0,0,0,0,0,NaN,0,0,NaN,0,0,NaN,0,0,NaN,0,0,NaN,0,0,NaN,0,0,NaN,0,0,NaN
mofosyne_NFCMessageBoard,1,0,0,0,0,0,0,NaN,0,0,NaN,0,0,NaN,0,0,NaN,0,0,NaN,0,0,NaN,0,0,NaN,0,0,NaN
WeAreFairphone_android_packages_apps_FairphoneLauncher3,4,0,0,0,91,0,3,0,0,0,NaN,0,0,NaN,0,3,0,0,88,0,0,0,NaN,0,88,0,0,0,NaN
tasomaniac_OpenLinkWith,3,0,0,0,1,0,1,0,0,0,NaN,0,0,NaN,0,1,0,0,0,NaN,0,0,NaN,0,0,NaN,0,0,NaN
YoeriNijs_NoteBuddy,15,0,0,0,0,0,0,NaN,0,0,NaN,0,0,NaN,0,0,NaN,0,0,NaN,0,0,NaN,0,0,NaN,0,0,NaN
QuantumBadger_RedReader,80,0,0,0,3,0,0,NaN,0,0,NaN,0,0,NaN,0,0,NaN,0,3,0,0,0,NaN,0,3,0,0,0,NaN
martykan_forecastie,51,0,0,0,0,0,0,NaN,0,0,NaN,0,0,NaN,0,0,NaN,0,0,NaN,0,0,NaN,0,0,NaN,0,0,NaN
gsantner_cherrymusic-android,4,0,0,0,0,0,0,NaN,0,0,NaN,0,0,NaN,0,0,NaN,0,0,NaN,0,0,NaN,0,0,NaN,0,0,NaN
bparmentier_OpenBikeSharing,6,0,0,0,1,0,1,0,0,0,NaN,0,0,NaN,0,1,0,0,0,NaN,0,0,NaN,0,0,NaN,0,0,NaN
farmerbb_Taskbar,91,23,0,7,28,4,14,0.285714285714286,0,0,NaN,3,3,1,1,11,0.090909090909091,3,14,0.214285714285714,0,0,NaN,3,14,0.214285714285714,0,0,NaN
tuskyapp_Tusky,61,10,0,2,6,0,1,0,0,0,NaN,0,0,NaN,0,1,0,2,5,0.4,2,2,1,0,3,0,0,0,NaN
edsonduarte1990_reminders,4,0,0,0,0,0,0,NaN,0,0,NaN,0,0,NaN,0,0,NaN,0,0,NaN,0,0,NaN,0,0,NaN,0,0,NaN
gsantner_markor,25,17,0,0,1,0,0,NaN,0,0,NaN,0,0,NaN,0,0,NaN,0,1,0,0,0,NaN,0,1,0,0,0,NaN
daverix_urlforwarder,1,0,0,0,0,0,0,NaN,0,0,NaN,0,0,NaN,0,0,NaN,0,0,NaN,0,0,NaN,0,0,NaN,0,0,NaN
TeamNewPipe_NewPipe,83,2,0,0,8,0,1,0,0,0,NaN,0,0,NaN,0,1,0,0,7,0,0,0,NaN,0,7,0,0,0,NaN
anthonycr_Lightning-Browser,28,4,0,0,8,0,2,0,0,0,NaN,0,0,NaN,0,2,0,0,6,0,0,2,0,0,4,0,0,0,NaN
segler-alex_RadioDroid,43,0,0,0,0,0,0,NaN,0,0,NaN,0,0,NaN,0,0,NaN,0,0,NaN,0,0,NaN,0,0,NaN,0,0,NaN
SecUSo_privacy-friendly-dice-game,16,3,1,1,1,0,0,NaN,0,0,NaN,0,0,NaN,0,0,NaN,1,1,1,0,0,NaN,1,1,1,0,0,NaN
dmfs_opentasks,32,0,0,0,0,0,0,NaN,0,0,NaN,0,0,NaN,0,0,NaN,0,0,NaN,0,0,NaN,0,0,NaN,0,0,NaN
gatheringhallstudios_MHGenDatabase,31,0,0,0,4,0,0,NaN,0,0,NaN,0,0,NaN,0,0,NaN,0,4,0,0,0,NaN,0,4,0,0,0,NaN
Streetwalrus_android_usb_msd,11,0,0,0,0,0,0,NaN,0,0,NaN,0,0,NaN,0,0,NaN,0,0,NaN,0,0,NaN,0,0,NaN,0,0,NaN
WeAreFairphone_android_packages_apps_ClockWidget,4,0,0,0,0,0,0,NaN,0,0,NaN,0,0,NaN,0,0,NaN,0,0,NaN,0,0,NaN,0,0,NaN,0,0,NaN
OpenLauncherTeam_openlauncher,54,18,0,2,21,0,0,NaN,0,0,NaN,0,0,NaN,0,0,NaN,2,21,0.095238095238095,0,0,NaN,2,21,0.095238095238095,0,0,NaN
hypeapps_episodie,7,1,0,0,0,0,0,NaN,0,0,NaN,0,0,NaN,0,0,NaN,0,0,NaN,0,0,NaN,0,0,NaN,0,0,NaN
nguillaumin_osmtracker-android,3,0,0,0,1,0,1,0,0,0,NaN,0,0,NaN,0,1,0,0,0,NaN,0,0,NaN,0,0,NaN,0,0,NaN
Gittner_OSMBugs,5,0,0,0,3,0,1,0,0,0,NaN,0,0,NaN,0,1,0,0,2,0,0,1,0,0,1,0,0,0,NaN
syncthing_syncthing-android,94,1,0,0,0,0,0,NaN,0,0,NaN,0,0,NaN,0,0,NaN,0,0,NaN,0,0,NaN,0,0,NaN,0,0,NaN
vanitasvitae_EnigmAndroid,4,0,0,0,0,0,0,NaN,0,0,NaN,0,0,NaN,0,0,NaN,0,0,NaN,0,0,NaN,0,0,NaN,0,0,NaN
n76_Symphony,10,0,0,0,0,0,0,NaN,0,0,NaN,0,0,NaN,0,0,NaN,0,0,NaN,0,0,NaN,0,0,NaN,0,0,NaN
beriain_PolarClock,16,0,0,0,0,0,0,NaN,0,0,NaN,0,0,NaN,0,0,NaN,0,0,NaN,0,0,NaN,0,0,NaN,0,0,NaN
GunshipPenguin_open_flood,13,0,0,0,0,0,0,NaN,0,0,NaN,0,0,NaN,0,0,NaN,0,0,NaN,0,0,NaN,0,0,NaN,0,0,NaN
no-go_RickApp,9,0,0,1,1,0,0,NaN,0,0,NaN,0,0,NaN,0,0,NaN,1,1,1,1,1,1,0,0,NaN,0,0,NaN
JanSvoboda_aeonsend-randomizer,6,0,0,0,0,0,0,NaN,0,0,NaN,0,0,NaN,0,0,NaN,0,0,NaN,0,0,NaN,0,0,NaN,0,0,NaN
VREMSoftwareDevelopment_WifiAnalyzer,126,0,0,0,1,0,0,NaN,0,0,NaN,0,0,NaN,0,0,NaN,0,1,0,0,0,NaN,0,1,0,0,0,NaN
brarcher_baby-sleep-sounds,15,0,0,0,0,0,0,NaN,0,0,NaN,0,0,NaN,0,0,NaN,0,0,NaN,0,0,NaN,0,0,NaN,0,0,NaN
HopEdia_android-client,8,0,0,0,0,0,0,NaN,0,0,NaN,0,0,NaN,0,0,NaN,0,0,NaN,0,0,NaN,0,0,NaN,0,0,NaN
trikita_obsqr,4,0,0,0,0,0,0,NaN,0,0,NaN,0,0,NaN,0,0,NaN,0,0,NaN,0,0,NaN,0,0,NaN,0,0,NaN
equeim_tremotesf-android,12,0,0,0,0,0,0,NaN,0,0,NaN,0,0,NaN,0,0,NaN,0,0,NaN,0,0,NaN,0,0,NaN,0,0,NaN
anselm94_Torchie-Android,7,0,0,0,0,0,0,NaN,0,0,NaN,0,0,NaN,0,0,NaN,0,0,NaN,0,0,NaN,0,0,NaN,0,0,NaN
philliphsu_ClockPlus,54,5,0,0,0,0,0,NaN,0,0,NaN,0,0,NaN,0,0,NaN,0,0,NaN,0,0,NaN,0,0,NaN,0,0,NaN
javiersantos_WhatsAppBetaUpdater,4,0,0,0,0,0,0,NaN,0,0,NaN,0,0,NaN,0,0,NaN,0,0,NaN,0,0,NaN,0,0,NaN,0,0,NaN
helloworld1_AnyMemo,16,0,0,0,0,0,0,NaN,0,0,NaN,0,0,NaN,0,0,NaN,0,0,NaN,0,0,NaN,0,0,NaN,0,0,NaN
openintents_shoppinglist,7,0,0,0,0,0,0,NaN,0,0,NaN,0,0,NaN,0,0,NaN,0,0,NaN,0,0,NaN,0,0,NaN,0,0,NaN
openhab_openhab-android,18,0,0,0,1,0,0,NaN,0,0,NaN,0,0,NaN,0,0,NaN,0,1,0,0,0,NaN,0,1,0,0,0,NaN
richardchien_clear-weather-android,2,0,0,0,0,0,0,NaN,0,0,NaN,0,0,NaN,0,0,NaN,0,0,NaN,0,0,NaN,0,0,NaN,0,0,NaN
ldionmarcil_OSRSHelper,8,3,0,0,0,0,0,NaN,0,0,NaN,0,0,NaN,0,0,NaN,0,0,NaN,0,0,NaN,0,0,NaN,0,0,NaN
SimpleMobileTools_Simple-Notes,79,4,0,0,3,0,0,NaN,0,0,NaN,0,0,NaN,0,0,NaN,0,3,0,0,0,NaN,0,3,0,0,0,NaN
gstraube_cythara,37,0,0,0,0,0,0,NaN,0,0,NaN,0,0,NaN,0,0,NaN,0,0,NaN,0,0,NaN,0,0,NaN,0,0,NaN
SimpleMobileTools_Simple-Thank-You,12,0,0,0,5,0,0,NaN,0,0,NaN,0,0,NaN,0,0,NaN,0,5,0,0,0,NaN,0,5,0,0,0,NaN
dimtion_Shaarlier,3,0,0,0,0,0,0,NaN,0,0,NaN,0,0,NaN,0,0,NaN,0,0,NaN,0,0,NaN,0,0,NaN,0,0,NaN
quaap_SeafoodBerserker,13,0,0,0,0,0,0,NaN,0,0,NaN,0,0,NaN,0,0,NaN,0,0,NaN,0,0,NaN,0,0,NaN,0,0,NaN
daktak_opengapps_downloader,8,0,0,0,2,0,0,NaN,0,0,NaN,0,0,NaN,0,0,NaN,0,2,0,0,0,NaN,0,2,0,0,0,NaN
takke_DataStats,2,0,0,0,0,0,0,NaN,0,0,NaN,0,0,NaN,0,0,NaN,0,0,NaN,0,0,NaN,0,0,NaN,0,0,NaN
gianluca-nitti_android-expr-eval,21,0,0,0,0,0,0,NaN,0,0,NaN,0,0,NaN,0,0,NaN,0,0,NaN,0,0,NaN,0,0,NaN,0,0,NaN
Skarafaz_mercury,13,0,0,0,0,0,0,NaN,0,0,NaN,0,0,NaN,0,0,NaN,0,0,NaN,0,0,NaN,0,0,NaN,0,0,NaN
WIStudent_FreifunkAutoConnectApp,3,0,0,0,0,0,0,NaN,0,0,NaN,0,0,NaN,0,0,NaN,0,0,NaN,0,0,NaN,0,0,NaN,0,0,NaN
tananaev_rootless-logcat,14,0,0,0,0,0,0,NaN,0,0,NaN,0,0,NaN,0,0,NaN,0,0,NaN,0,0,NaN,0,0,NaN,0,0,NaN
Antonis427_veterondo,1,0,0,0,0,0,0,NaN,0,0,NaN,0,0,NaN,0,0,NaN,0,0,NaN,0,0,NaN,0,0,NaN,0,0,NaN
SensorApps_Sensors2OSC,2,0,0,0,0,0,0,NaN,0,0,NaN,0,0,NaN,0,0,NaN,0,0,NaN,0,0,NaN,0,0,NaN,0,0,NaN
raatmarien_chibe,21,0,0,0,2,0,0,NaN,0,0,NaN,0,0,NaN,0,0,NaN,0,2,0,0,0,NaN,0,2,0,0,0,NaN
Free-Software-for-Android_FasterGPS,2,0,0,0,0,0,0,NaN,0,0,NaN,0,0,NaN,0,0,NaN,0,0,NaN,0,0,NaN,0,0,NaN,0,0,NaN
rastating_DroidBeard,1,0,0,0,0,0,0,NaN,0,0,NaN,0,0,NaN,0,0,NaN,0,0,NaN,0,0,NaN,0,0,NaN,0,0,NaN
jonan_ForkHub,56,0,0,0,1,0,0,NaN,0,0,NaN,0,0,NaN,0,0,NaN,0,1,0,0,0,NaN,0,1,0,0,0,NaN
pilot51_voicenotify,8,0,0,0,0,0,0,NaN,0,0,NaN,0,0,NaN,0,0,NaN,0,0,NaN,0,0,NaN,0,0,NaN,0,0,NaN
Phantast_smartnavi,5,0,0,0,0,0,0,NaN,0,0,NaN,0,0,NaN,0,0,NaN,0,0,NaN,0,0,NaN,0,0,NaN,0,0,NaN
Leszek111_ReLaunchX,6,0,0,0,0,0,0,NaN,0,0,NaN,0,0,NaN,0,0,NaN,0,0,NaN,0,0,NaN,0,0,NaN,0,0,NaN
Sparker0i_Weather,78,2,0,4,21,4,4,1,0,0,NaN,0,0,NaN,4,4,1,0,17,0,0,0,NaN,0,17,0,0,0,NaN
andOTP_andOTP,46,2,0,0,2,0,0,NaN,0,0,NaN,0,0,NaN,0,0,NaN,0,2,0,0,0,NaN,0,2,0,0,0,NaN
TodorBalabanov_IthakaBoardGame,16,0,0,0,1,0,0,NaN,0,0,NaN,0,0,NaN,0,0,NaN,0,1,0,0,0,NaN,0,1,0,0,0,NaN
LonamiWebs_Klooni1010,20,0,0,0,0,0,0,NaN,0,0,NaN,0,0,NaN,0,0,NaN,0,0,NaN,0,0,NaN,0,0,NaN,0,0,NaN
termux_termux-boot,7,0,0,0,0,0,0,NaN,0,0,NaN,0,0,NaN,0,0,NaN,0,0,NaN,0,0,NaN,0,0,NaN,0,0,NaN
JakeLane_Toffeed,5,0,0,0,9,0,0,NaN,0,0,NaN,0,0,NaN,0,0,NaN,0,9,0,0,0,NaN,0,9,0,0,0,NaN
maxpower47_PinDroid,7,0,0,0,1,0,0,NaN,0,0,NaN,0,0,NaN,0,0,NaN,0,1,0,0,1,0,0,0,NaN,0,0,NaN
bfabiszewski_ulogger-android,17,0,0,0,0,0,0,NaN,0,0,NaN,0,0,NaN,0,0,NaN,0,0,NaN,0,0,NaN,0,0,NaN,0,0,NaN
retrobits_son_of_hunkypunk,20,0,0,0,0,0,0,NaN,0,0,NaN,0,0,NaN,0,0,NaN,0,0,NaN,0,0,NaN,0,0,NaN,0,0,NaN
rosenpin_QuickDrawEverywhere,5,3,0,0,7,0,0,NaN,0,0,NaN,0,0,NaN,0,0,NaN,0,7,0,0,0,NaN,0,7,0,0,0,NaN
baiatBun_React,4,0,0,0,0,0,0,NaN,0,0,NaN,0,0,NaN,0,0,NaN,0,0,NaN,0,0,NaN,0,0,NaN,0,0,NaN
forrestguice_SuntimesWidget,88,0,0,0,0,0,0,NaN,0,0,NaN,0,0,NaN,0,0,NaN,0,0,NaN,0,0,NaN,0,0,NaN,0,0,NaN
namlit_siteswap_generator,3,0,0,0,0,0,0,NaN,0,0,NaN,0,0,NaN,0,0,NaN,0,0,NaN,0,0,NaN,0,0,NaN,0,0,NaN
AntonioRedondo_AnotherMonitor,6,0,0,0,3,0,0,NaN,0,0,NaN,0,0,NaN,0,0,NaN,0,3,0,0,1,0,0,2,0,0,0,NaN
amasciul_Drinks,30,1,0,0,6,0,5,0,0,0,NaN,0,0,NaN,0,5,0,0,1,0,0,0,NaN,0,1,0,0,0,NaN
alandais_Pointeuse_S3I,3,0,0,0,0,0,0,NaN,0,0,NaN,0,0,NaN,0,0,NaN,0,0,NaN,0,0,NaN,0,0,NaN,0,0,NaN
ianmcxa_vortaro,8,0,0,0,0,0,0,NaN,0,0,NaN,0,0,NaN,0,0,NaN,0,0,NaN,0,0,NaN,0,0,NaN,0,0,NaN
tranquvis_SimpleSmsRemote,30,0,0,0,0,0,0,NaN,0,0,NaN,0,0,NaN,0,0,NaN,0,0,NaN,0,0,NaN,0,0,NaN,0,0,NaN
liato_android-bankdroid,33,0,0,0,1,0,0,NaN,0,0,NaN,0,0,NaN,0,0,NaN,0,1,0,0,1,0,0,0,NaN,0,0,NaN
HugoGresse_Anecdote,37,0,0,0,1,0,0,NaN,0,0,NaN,0,0,NaN,0,0,NaN,0,1,0,0,0,NaN,0,1,0,0,0,NaN
indywidualny_FaceSlim,30,3,0,0,3,0,0,NaN,0,0,NaN,0,0,NaN,0,0,NaN,0,3,0,0,0,NaN,0,3,0,0,0,NaN
einmalfel_PodListen,5,3,0,0,6,0,1,0,0,0,NaN,0,0,NaN,0,1,0,0,5,0,0,0,NaN,0,5,0,0,0,NaN
billthefarmer_melodeon,6,0,0,0,0,0,0,NaN,0,0,NaN,0,0,NaN,0,0,NaN,0,0,NaN,0,0,NaN,0,0,NaN,0,0,NaN
arnowelzel_periodical,17,0,0,0,0,0,0,NaN,0,0,NaN,0,0,NaN,0,0,NaN,0,0,NaN,0,0,NaN,0,0,NaN,0,0,NaN
dkanada_frost,21,0,0,0,2,0,0,NaN,0,0,NaN,0,0,NaN,0,0,NaN,0,2,0,0,0,NaN,0,2,0,0,0,NaN
Maxr1998_home-assistant-Android,11,0,0,0,0,0,0,NaN,0,0,NaN,0,0,NaN,0,0,NaN,0,0,NaN,0,0,NaN,0,0,NaN,0,0,NaN
engSERGIU_React,4,0,0,0,0,0,0,NaN,0,0,NaN,0,0,NaN,0,0,NaN,0,0,NaN,0,0,NaN,0,0,NaN,0,0,NaN
k3b_intent-intercept,11,0,0,0,0,0,0,NaN,0,0,NaN,0,0,NaN,0,0,NaN,0,0,NaN,0,0,NaN,0,0,NaN,0,0,NaN
polypmer_devinettes-android,6,0,0,0,0,0,0,NaN,0,0,NaN,0,0,NaN,0,0,NaN,0,0,NaN,0,0,NaN,0,0,NaN,0,0,NaN
Neamar_KISS,134,1,4,2,4,2,2,1,0,0,NaN,0,0,NaN,2,2,1,0,2,0,0,1,0,0,1,0,0,0,NaN
paride_CopperPDF,6,1,0,0,3,0,0,NaN,0,0,NaN,0,0,NaN,0,0,NaN,0,3,0,0,0,NaN,0,3,0,0,0,NaN
microg_NominatimGeocoderBackend,6,0,0,0,0,0,0,NaN,0,0,NaN,0,0,NaN,0,0,NaN,0,0,NaN,0,0,NaN,0,0,NaN,0,0,NaN
vanilla-music_vanilla,102,0,0,0,2,0,1,0,0,0,NaN,0,0,NaN,0,1,0,0,1,0,0,0,NaN,0,1,0,0,0,NaN
andstatus_andstatus,121,6,0,0,6,0,0,NaN,0,0,NaN,0,0,NaN,0,0,NaN,0,6,0,0,0,NaN,0,6,0,0,0,NaN
SecUSo_privacy-friendly-notes,21,0,0,0,4,0,0,NaN,0,0,NaN,0,0,NaN,0,0,NaN,0,4,0,0,0,NaN,0,4,0,0,0,NaN
k3b_ContentProviderHelper,5,0,0,0,0,0,0,NaN,0,0,NaN,0,0,NaN,0,0,NaN,0,0,NaN,0,0,NaN,0,0,NaN,0,0,NaN
richardchien_jigsaw-android,2,0,0,0,0,0,0,NaN,0,0,NaN,0,0,NaN,0,0,NaN,0,0,NaN,0,0,NaN,0,0,NaN,0,0,NaN
futurice_meeting-room-tablet,6,0,0,0,0,0,0,NaN,0,0,NaN,0,0,NaN,0,0,NaN,0,0,NaN,0,0,NaN,0,0,NaN,0,0,NaN
arkon_CDFLabs,7,0,0,0,2,0,0,NaN,0,0,NaN,0,0,NaN,0,0,NaN,0,2,0,0,0,NaN,0,2,0,0,0,NaN
vitas_beaconloc,11,0,0,0,0,0,0,NaN,0,0,NaN,0,0,NaN,0,0,NaN,0,0,NaN,0,0,NaN,0,0,NaN,0,0,NaN
kenCode-de_smartcoins-wallet,61,0,2,0,7,0,0,NaN,0,0,NaN,0,0,NaN,0,0,NaN,0,7,0,0,1,0,0,6,0,0,0,NaN
42SK_TVKILL,9,0,0,0,0,0,0,NaN,0,0,NaN,0,0,NaN,0,0,NaN,0,0,NaN,0,0,NaN,0,0,NaN,0,0,NaN
ebraminio_DroidPersianCalendar,12,0,0,0,0,0,0,NaN,0,0,NaN,0,0,NaN,0,0,NaN,0,0,NaN,0,0,NaN,0,0,NaN,0,0,NaN
err4nt_SwpieView,5,0,0,0,3,0,3,0,0,0,NaN,0,0,NaN,0,3,0,0,0,NaN,0,0,NaN,0,0,NaN,0,0,NaN
SecUSo_privacy-friendly-werewolf,19,0,0,0,2,0,0,NaN,0,0,NaN,0,0,NaN,0,0,NaN,0,2,0,0,0,NaN,0,2,0,0,0,NaN
brarcher_video-transcoder,9,0,0,0,1,0,0,NaN,0,0,NaN,0,0,NaN,0,0,NaN,0,1,0,0,0,NaN,0,1,0,0,0,NaN
ligi_CampFahrplan,5,0,0,0,0,0,0,NaN,0,0,NaN,0,0,NaN,0,0,NaN,0,0,NaN,0,0,NaN,0,0,NaN,0,0,NaN
Mnkai_PGPClipper,2,0,0,0,0,0,0,NaN,0,0,NaN,0,0,NaN,0,0,NaN,0,0,NaN,0,0,NaN,0,0,NaN,0,0,NaN
afollestad_nock-nock,10,0,0,0,0,0,0,NaN,0,0,NaN,0,0,NaN,0,0,NaN,0,0,NaN,0,0,NaN,0,0,NaN,0,0,NaN
billthefarmer_shorty,9,0,0,0,0,0,0,NaN,0,0,NaN,0,0,NaN,0,0,NaN,0,0,NaN,0,0,NaN,0,0,NaN,0,0,NaN
RyuzakiKK_NoteCrypt,3,0,0,0,0,0,0,NaN,0,0,NaN,0,0,NaN,0,0,NaN,0,0,NaN,0,0,NaN,0,0,NaN,0,0,NaN
AdrienPoupa_VinylMusicPlayer,41,1,0,0,26,0,1,0,0,0,NaN,0,0,NaN,0,1,0,0,25,0,0,0,NaN,0,25,0,0,0,NaN
MajeurAndroid_Applications-Info,1,0,0,0,0,0,0,NaN,0,0,NaN,0,0,NaN,0,0,NaN,0,0,NaN,0,0,NaN,0,0,NaN,0,0,NaN
ValleZ_Paper-Wallet,12,0,0,0,0,0,0,NaN,0,0,NaN,0,0,NaN,0,0,NaN,0,0,NaN,0,0,NaN,0,0,NaN,0,0,NaN
SimpleMobileTools_Simple-Flashlight,42,0,0,0,0,0,0,NaN,0,0,NaN,0,0,NaN,0,0,NaN,0,0,NaN,0,0,NaN,0,0,NaN,0,0,NaN
MCMrARM_revolution-irc,5,0,0,0,4,0,0,NaN,0,0,NaN,0,0,NaN,0,0,NaN,0,4,0,0,0,NaN,0,4,0,0,0,NaN
rovo89_XposedInstaller,33,0,0,0,3,0,0,NaN,0,0,NaN,0,0,NaN,0,0,NaN,0,3,0,0,0,NaN,0,3,0,0,0,NaN
SimpleMobileTools_Simple-Camera,83,8,0,0,10,0,0,NaN,0,0,NaN,0,0,NaN,0,0,NaN,0,10,0,0,1,0,0,9,0,0,0,NaN
billthefarmer_scope,10,0,0,0,0,0,0,NaN,0,0,NaN,0,0,NaN,0,0,NaN,0,0,NaN,0,0,NaN,0,0,NaN,0,0,NaN
corphish_NightLight,7,0,0,0,0,0,0,NaN,0,0,NaN,0,0,NaN,0,0,NaN,0,0,NaN,0,0,NaN,0,0,NaN,0,0,NaN
arpitkh96_AmazeFileManager,4,0,0,0,9,0,1,0,0,0,NaN,0,0,NaN,0,1,0,0,8,0,0,0,NaN,0,8,0,0,0,NaN
Diaspora-for-Android_dandelion,20,0,0,0,0,0,0,NaN,0,0,NaN,0,0,NaN,0,0,NaN,0,0,NaN,0,0,NaN,0,0,NaN,0,0,NaN
tananaev_traccar-client-android,28,0,0,0,0,0,0,NaN,0,0,NaN,0,0,NaN,0,0,NaN,0,0,NaN,0,0,NaN,0,0,NaN,0,0,NaN
iSoron_uhabits,54,0,0,0,4,0,0,NaN,0,0,NaN,0,0,NaN,0,0,NaN,0,4,0,0,0,NaN,0,4,0,0,0,NaN
rascarlo_AURdroid,9,0,0,0,0,0,0,NaN,0,0,NaN,0,0,NaN,0,0,NaN,0,0,NaN,0,0,NaN,0,0,NaN,0,0,NaN
jberkel_sms-backup-plus,9,0,0,0,0,0,0,NaN,0,0,NaN,0,0,NaN,0,0,NaN,0,0,NaN,0,0,NaN,0,0,NaN,0,0,NaN
bailuk_AAT,54,0,0,0,0,0,0,NaN,0,0,NaN,0,0,NaN,0,0,NaN,0,0,NaN,0,0,NaN,0,0,NaN,0,0,NaN
SimpleMobileTools_Simple-File-Manager,86,8,0,0,5,0,0,NaN,0,0,NaN,0,0,NaN,0,0,NaN,0,5,0,0,0,NaN,0,5,0,0,0,NaN
grmpl_StepandHeightcounter,13,0,0,0,0,0,0,NaN,0,0,NaN,0,0,NaN,0,0,NaN,0,0,NaN,0,0,NaN,0,0,NaN,0,0,NaN
shlusiak_Freebloks-Android,9,0,0,0,2,0,0,NaN,0,0,NaN,0,0,NaN,0,0,NaN,0,2,0,0,2,0,0,0,NaN,0,0,NaN
quaap_PhoneFoneFun,3,0,0,0,0,0,0,NaN,0,0,NaN,0,0,NaN,0,0,NaN,0,0,NaN,0,0,NaN,0,0,NaN,0,0,NaN
julian-klode_dns66,48,2,0,1,6,0,0,NaN,0,0,NaN,0,0,NaN,0,0,NaN,1,6,0.166666666666667,0,0,NaN,1,6,0.166666666666667,0,0,NaN
rkkr_simple-keyboard,18,2,0,0,0,0,0,NaN,0,0,NaN,0,0,NaN,0,0,NaN,0,0,NaN,0,0,NaN,0,0,NaN,0,0,NaN
ScreamingHawk_fate-sheets,14,0,0,0,0,0,0,NaN,0,0,NaN,0,0,NaN,0,0,NaN,0,0,NaN,0,0,NaN,0,0,NaN,0,0,NaN
MyIgel_EH17Fahrplan,9,0,0,0,0,0,0,NaN,0,0,NaN,0,0,NaN,0,0,NaN,0,0,NaN,0,0,NaN,0,0,NaN,0,0,NaN
SecUSo_privacy-friendly-dame,9,2,0,0,2,0,0,NaN,0,0,NaN,0,0,NaN,0,0,NaN,0,2,0,0,0,NaN,0,2,0,0,0,NaN
ligi_MaterialTeaTimer,16,0,0,2,2,0,0,NaN,0,0,NaN,0,0,NaN,0,0,NaN,2,2,1,0,0,NaN,2,2,1,0,0,NaN
ultramega_elementary,38,1,0,1,1,0,0,NaN,0,0,NaN,0,0,NaN,0,0,NaN,1,1,1,0,0,NaN,1,1,1,0,0,NaN
intrications_intent-intercept,7,0,0,0,0,0,0,NaN,0,0,NaN,0,0,NaN,0,0,NaN,0,0,NaN,0,0,NaN,0,0,NaN,0,0,NaN
wizmer_syncorg,26,2,0,0,2,0,0,NaN,0,0,NaN,0,0,NaN,0,0,NaN,0,2,0,0,0,NaN,0,2,0,0,0,NaN
jonasbleyl_Recurrence,5,0,0,0,0,0,0,NaN,0,0,NaN,0,0,NaN,0,0,NaN,0,0,NaN,0,0,NaN,0,0,NaN,0,0,NaN
cSploit_android,1,0,0,0,0,0,0,NaN,0,0,NaN,0,0,NaN,0,0,NaN,0,0,NaN,0,0,NaN,0,0,NaN,0,0,NaN
xargsgrep_PortKnocker,9,0,0,0,1,0,0,NaN,0,0,NaN,0,0,NaN,0,0,NaN,0,1,0,0,1,0,0,0,NaN,0,0,NaN
cemrich_zapp,61,0,0,0,1,0,0,NaN,0,0,NaN,0,0,NaN,0,0,NaN,0,1,0,0,0,NaN,0,1,0,0,0,NaN
mannd_morbidmeter-android,1,0,0,0,0,0,0,NaN,0,0,NaN,0,0,NaN,0,0,NaN,0,0,NaN,0,0,NaN,0,0,NaN,0,0,NaN
kconger_org.thecongers.mtpms,3,0,0,0,4,0,0,NaN,0,0,NaN,0,0,NaN,0,0,NaN,0,4,0,0,0,NaN,0,4,0,0,0,NaN
reloZid_android-anuto,66,2,0,0,1,0,0,NaN,0,0,NaN,0,0,NaN,0,0,NaN,0,1,0,0,0,NaN,0,1,0,0,0,NaN
butzist_ActivityLauncher,3,0,0,0,0,0,0,NaN,0,0,NaN,0,0,NaN,0,0,NaN,0,0,NaN,0,0,NaN,0,0,NaN,0,0,NaN
urandom_gearshift,1,0,0,0,0,0,0,NaN,0,0,NaN,0,0,NaN,0,0,NaN,0,0,NaN,0,0,NaN,0,0,NaN,0,0,NaN
blurpy_kouchat-android,18,2,0,0,0,0,0,NaN,0,0,NaN,0,0,NaN,0,0,NaN,0,0,NaN,0,0,NaN,0,0,NaN,0,0,NaN
SecUSo_privacy-friendly-qr-scanner,9,0,0,0,1,0,0,NaN,0,0,NaN,0,0,NaN,0,0,NaN,0,1,0,0,0,NaN,0,1,0,0,0,NaN
mridang_gasflow,1,0,0,0,0,0,0,NaN,0,0,NaN,0,0,NaN,0,0,NaN,0,0,NaN,0,0,NaN,0,0,NaN,0,0,NaN
SecUSo_privacy-friendly-pedometer,54,1,0,0,4,0,0,NaN,0,0,NaN,0,0,NaN,0,0,NaN,0,4,0,0,0,NaN,0,4,0,0,0,NaN
k9mail_k-9,135,2,0,0,4,0,0,NaN,0,0,NaN,0,0,NaN,0,0,NaN,0,4,0,0,0,NaN,0,4,0,0,0,NaN
daktak_afh_downloader,14,0,0,0,2,0,0,NaN,0,0,NaN,0,0,NaN,0,0,NaN,0,2,0,0,0,NaN,0,2,0,0,0,NaN
quaap_Primary,19,2,0,2,6,0,0,NaN,0,0,NaN,0,0,NaN,0,0,NaN,2,6,0.333333333333333,0,0,NaN,2,6,0.333333333333333,0,0,NaN
y20k_transistor,22,0,0,0,2,0,0,NaN,0,0,NaN,0,0,NaN,0,0,NaN,0,2,0,0,0,NaN,0,2,0,0,0,NaN
martykan_webTube,6,0,0,0,0,0,0,NaN,0,0,NaN,0,0,NaN,0,0,NaN,0,0,NaN,0,0,NaN,0,0,NaN,0,0,NaN
vishesh_sealnote,10,0,0,0,16,0,0,NaN,0,0,NaN,0,0,NaN,0,0,NaN,0,16,0,0,0,NaN,0,16,0,0,0,NaN
nerzhul_ownCloud-SMS-App,51,0,0,0,1,0,1,0,0,0,NaN,0,0,NaN,0,1,0,0,0,NaN,0,0,NaN,0,0,NaN,0,0,NaN
SecUSo_privacy-friendly-passwordgenerator,16,0,0,0,3,0,0,NaN,0,0,NaN,0,0,NaN,0,0,NaN,0,3,0,0,0,NaN,0,3,0,0,0,NaN
alexghr_bulkshare,2,0,0,0,0,0,0,NaN,0,0,NaN,0,0,NaN,0,0,NaN,0,0,NaN,0,0,NaN,0,0,NaN,0,0,NaN
SecUSo_privacy-friendly-torchlight,13,3,0,0,3,0,0,NaN,0,0,NaN,0,0,NaN,0,0,NaN,0,3,0,0,0,NaN,0,3,0,0,0,NaN
2Ra66it_updater-for-spotify,8,0,0,0,0,0,0,NaN,0,0,NaN,0,0,NaN,0,0,NaN,0,0,NaN,0,0,NaN,0,0,NaN,0,0,NaN
kollerlukas_Camera-Roll-Android-App,40,2,0,1,5,0,0,NaN,0,0,NaN,0,0,NaN,0,0,NaN,1,5,0.2,0,0,NaN,1,5,0.2,0,0,NaN
ojacquemart_vlilleChecker,9,0,0,0,1,0,1,0,0,0,NaN,0,0,NaN,0,1,0,0,0,NaN,0,0,NaN,0,0,NaN,0,0,NaN
caarmen_poet-assistant,52,6,0,6,11,6,6,1,0,0,NaN,0,0,NaN,6,6,1,0,5,0,0,0,NaN,0,5,0,0,0,NaN
meefik_busybox,16,0,0,0,0,0,0,NaN,0,0,NaN,0,0,NaN,0,0,NaN,0,0,NaN,0,0,NaN,0,0,NaN,0,0,NaN
caarmen_nounours-android,6,0,0,0,0,0,0,NaN,0,0,NaN,0,0,NaN,0,0,NaN,0,0,NaN,0,0,NaN,0,0,NaN,0,0,NaN
rootkiwi_an2linuxclient,8,0,0,0,0,0,0,NaN,0,0,NaN,0,0,NaN,0,0,NaN,0,0,NaN,0,0,NaN,0,0,NaN,0,0,NaN
spacecowboy_NotePad,7,0,0,0,0,0,0,NaN,0,0,NaN,0,0,NaN,0,0,NaN,0,0,NaN,0,0,NaN,0,0,NaN,0,0,NaN
SecUSo_privacy-friendly-interval-timer,36,8,0,0,0,0,0,NaN,0,0,NaN,0,0,NaN,0,0,NaN,0,0,NaN,0,0,NaN,0,0,NaN,0,0,NaN
DecentralizedAmateurPagingNetwork_DAPNETApp,19,0,0,0,2,0,1,0,0,0,NaN,0,0,NaN,0,1,0,0,1,0,0,0,NaN,0,1,0,0,0,NaN
SecUSo_privacy-friendly-todo-list,31,0,0,1,2,0,0,NaN,0,0,NaN,0,0,NaN,0,0,NaN,1,2,0.5,0,0,NaN,1,2,0.5,0,0,NaN
renyuneyun_FLock,6,0,0,0,0,0,0,NaN,0,0,NaN,0,0,NaN,0,0,NaN,0,0,NaN,0,0,NaN,0,0,NaN,0,0,NaN
d4rken_reddit-android-appstore,7,0,0,0,2,0,2,0,0,0,NaN,0,0,NaN,0,2,0,0,0,NaN,0,0,NaN,0,0,NaN,0,0,NaN
scoute-dich_K9-MailClient,23,1,0,0,5,0,0,NaN,0,0,NaN,0,0,NaN,0,0,NaN,0,5,0,0,0,NaN,0,5,0,0,0,NaN
null-dev_animeopenings-android,4,0,0,0,3,0,0,NaN,0,0,NaN,0,0,NaN,0,0,NaN,0,3,0,0,0,NaN,0,3,0,0,0,NaN
joaomneto_TitanCompanion,21,0,0,0,0,0,0,NaN,0,0,NaN,0,0,NaN,0,0,NaN,0,0,NaN,0,0,NaN,0,0,NaN,0,0,NaN
westnordost_StreetComplete,118,0,0,0,7,0,3,0,0,0,NaN,0,0,NaN,0,3,0,0,4,0,0,0,NaN,0,4,0,0,0,NaN
fython_Blackbulb,16,8,0,1,5,0,0,NaN,0,0,NaN,0,0,NaN,0,0,NaN,1,5,0.2,0,0,NaN,1,5,0.2,0,0,NaN
DanielBarnett714_Acastus,15,0,0,0,0,0,0,NaN,0,0,NaN,0,0,NaN,0,0,NaN,0,0,NaN,0,0,NaN,0,0,NaN,0,0,NaN
ligi_BLExplorer,4,0,0,0,0,0,0,NaN,0,0,NaN,0,0,NaN,0,0,NaN,0,0,NaN,0,0,NaN,0,0,NaN,0,0,NaN
demantz_RFAnalyzer,6,0,0,0,0,0,0,NaN,0,0,NaN,0,0,NaN,0,0,NaN,0,0,NaN,0,0,NaN,0,0,NaN,0,0,NaN
schaal_ocreader,66,0,0,0,1,0,0,NaN,0,0,NaN,0,0,NaN,0,0,NaN,0,1,0,0,0,NaN,0,1,0,0,0,NaN
Chessmasterrr_SimpleStatsWidget,6,0,0,0,0,0,0,NaN,0,0,NaN,0,0,NaN,0,0,NaN,0,0,NaN,0,0,NaN,0,0,NaN,0,0,NaN
brarcher_budget-watch,34,0,0,0,4,0,0,NaN,0,0,NaN,0,0,NaN,0,0,NaN,0,4,0,0,0,NaN,0,4,0,0,0,NaN
VladThodo_behe-keyboard,12,0,0,1,4,0,0,NaN,0,0,NaN,0,0,NaN,0,0,NaN,1,4,0.25,0,0,NaN,1,4,0.25,0,0,NaN
quaap_ComputationalDemonology,11,0,0,0,0,0,0,NaN,0,0,NaN,0,0,NaN,0,0,NaN,0,0,NaN,0,0,NaN,0,0,NaN,0,0,NaN
uberspot_2048-android,12,0,0,0,0,0,0,NaN,0,0,NaN,0,0,NaN,0,0,NaN,0,0,NaN,0,0,NaN,0,0,NaN,0,0,NaN
brarcher_gift-card-guard,6,0,0,0,2,0,0,NaN,0,0,NaN,0,0,NaN,0,0,NaN,0,2,0,0,0,NaN,0,2,0,0,0,NaN
markusfisch_ShaderEditor,47,0,0,0,1,0,1,0,0,0,NaN,0,0,NaN,0,1,0,0,0,NaN,0,0,NaN,0,0,NaN,0,0,NaN
Berlin-Vegan_berlin-vegan-guide,4,0,0,0,1,0,1,0,0,0,NaN,0,0,NaN,0,1,0,0,0,NaN,0,0,NaN,0,0,NaN,0,0,NaN
bamless_chromium-swe-updater,6,0,0,0,0,0,0,NaN,0,0,NaN,0,0,NaN,0,0,NaN,0,0,NaN,0,0,NaN,0,0,NaN,0,0,NaN
ZeeRooo_MaterialFBook,38,3,0,0,2,0,0,NaN,0,0,NaN,0,0,NaN,0,0,NaN,0,2,0,0,0,NaN,0,2,0,0,0,NaN
schwabe_ics-openvpn,17,3,0,0,0,0,0,NaN,0,0,NaN,0,0,NaN,0,0,NaN,0,0,NaN,0,0,NaN,0,0,NaN,0,0,NaN
billthefarmer_sig-gen,14,0,0,0,0,0,0,NaN,0,0,NaN,0,0,NaN,0,0,NaN,0,0,NaN,0,0,NaN,0,0,NaN,0,0,NaN
SufficientlySecure_document-viewer,40,0,0,0,0,0,0,NaN,0,0,NaN,0,0,NaN,0,0,NaN,0,0,NaN,0,0,NaN,0,0,NaN,0,0,NaN
sryze_wirebug,4,0,0,0,0,0,0,NaN,0,0,NaN,0,0,NaN,0,0,NaN,0,0,NaN,0,0,NaN,0,0,NaN,0,0,NaN
LawnchairLauncher_Lawnchair,12,20,0,3,55,1,4,0.25,0,0,NaN,0,0,NaN,1,4,0.25,2,51,0.03921568627451,0,3,0,2,48,0.041666666666667,0,0,NaN
PuffOpenSource_Puff-Android,28,0,0,0,3,0,0,NaN,0,0,NaN,0,0,NaN,0,0,NaN,0,3,0,0,0,NaN,0,3,0,0,0,NaN
SteamGifts_SteamGifts,13,0,0,0,5,0,0,NaN,0,0,NaN,0,0,NaN,0,0,NaN,0,5,0,0,0,NaN,0,5,0,0,0,NaN
greenaddress_abcore,49,1,0,0,0,0,0,NaN,0,0,NaN,0,0,NaN,0,0,NaN,0,0,NaN,0,0,NaN,0,0,NaN,0,0,NaN
rosenpin_AlwaysOnAmoledPlugin,7,0,0,0,0,0,0,NaN,0,0,NaN,0,0,NaN,0,0,NaN,0,0,NaN,0,0,NaN,0,0,NaN,0,0,NaN
MarcelJurtz_MTG_LifeCounter,3,0,0,0,2,0,0,NaN,0,0,NaN,0,0,NaN,0,0,NaN,0,2,0,0,0,NaN,0,2,0,0,0,NaN
quaap_BookyMcBookface,6,0,0,0,2,0,0,NaN,0,0,NaN,0,0,NaN,0,0,NaN,0,2,0,0,0,NaN,0,2,0,0,0,NaN
farmerbb_SecondScreen,21,0,0,0,5,0,0,NaN,0,0,NaN,0,0,NaN,0,0,NaN,0,5,0,0,0,NaN,0,5,0,0,0,NaN
SecUSo_privacy-friendly-ruler,13,0,0,0,1,0,0,NaN,0,0,NaN,0,0,NaN,0,0,NaN,0,1,0,0,0,NaN,0,1,0,0,0,NaN
MarcusWolschon_osmeditor4android,150,0,0,0,2,0,1,0,0,0,NaN,0,0,NaN,0,1,0,0,1,0,0,1,0,0,0,NaN,0,0,NaN
ligi_SurvivalManual,49,0,0,0,0,0,0,NaN,0,0,NaN,0,0,NaN,0,0,NaN,0,0,NaN,0,0,NaN,0,0,NaN,0,0,NaN
termux_termux-widget,13,0,0,0,0,0,0,NaN,0,0,NaN,0,0,NaN,0,0,NaN,0,0,NaN,0,0,NaN,0,0,NaN,0,0,NaN
openintents_notepad,2,0,0,0,0,0,0,NaN,0,0,NaN,0,0,NaN,0,0,NaN,0,0,NaN,0,0,NaN,0,0,NaN,0,0,NaN
adrianchifor_Swiftnotes,4,0,0,0,1,0,0,NaN,0,0,NaN,0,0,NaN,0,0,NaN,0,1,0,0,0,NaN,0,1,0,0,0,NaN
scoutant_blokish,4,0,0,0,8,0,0,NaN,0,0,NaN,0,0,NaN,0,0,NaN,0,8,0,0,0,NaN,0,8,0,0,0,NaN
czlee_debatekeeper,13,0,0,0,0,0,0,NaN,0,0,NaN,0,0,NaN,0,0,NaN,0,0,NaN,0,0,NaN,0,0,NaN,0,0,NaN
richsmith_sexytopo,26,0,0,0,0,0,0,NaN,0,0,NaN,0,0,NaN,0,0,NaN,0,0,NaN,0,0,NaN,0,0,NaN,0,0,NaN
SufficientlySecure_birthday-adapter,5,0,0,0,1,0,1,0,0,0,NaN,0,0,NaN,0,1,0,0,0,NaN,0,0,NaN,0,0,NaN,0,0,NaN
polypmer_fissure-android,19,0,0,0,1,0,0,NaN,0,0,NaN,0,0,NaN,0,0,NaN,0,1,0,0,0,NaN,0,1,0,0,0,NaN
SpEcHiDe_WhatsAppTransmitter,3,0,0,0,0,0,0,NaN,0,0,NaN,0,0,NaN,0,0,NaN,0,0,NaN,0,0,NaN,0,0,NaN,0,0,NaN
ThibaudM_timelapse-sony,8,0,0,0,0,0,0,NaN,0,0,NaN,0,0,NaN,0,0,NaN,0,0,NaN,0,0,NaN,0,0,NaN,0,0,NaN
wiglenet_wigle-wifi-wardriving,85,0,0,0,0,0,0,NaN,0,0,NaN,0,0,NaN,0,0,NaN,0,0,NaN,0,0,NaN,0,0,NaN,0,0,NaN
aaronjwood_PortAuthority,50,0,0,6,8,6,6,1,0,0,NaN,0,0,NaN,6,6,1,0,2,0,0,0,NaN,0,2,0,0,0,NaN
mattermost_mattermost-android-classic,34,0,0,0,0,0,0,NaN,0,0,NaN,0,0,NaN,0,0,NaN,0,0,NaN,0,0,NaN,0,0,NaN,0,0,NaN
faerbit_android-crond,3,0,0,0,0,0,0,NaN,0,0,NaN,0,0,NaN,0,0,NaN,0,0,NaN,0,0,NaN,0,0,NaN,0,0,NaN
easytargetmixel_micopi_android,1,0,0,0,0,0,0,NaN,0,0,NaN,0,0,NaN,0,0,NaN,0,0,NaN,0,0,NaN,0,0,NaN,0,0,NaN
Freeyourgadget_Gadgetbridge,21,0,0,0,1,0,0,NaN,0,0,NaN,0,0,NaN,0,0,NaN,0,1,0,0,0,NaN,0,1,0,0,0,NaN
vvolas_Awesome-Live-Wallpaper,6,2,0,0,0,0,0,NaN,0,0,NaN,0,0,NaN,0,0,NaN,0,0,NaN,0,0,NaN,0,0,NaN,0,0,NaN
quaap_AudioMeter,6,0,0,0,4,0,0,NaN,0,0,NaN,0,0,NaN,0,0,NaN,0,4,0,0,0,NaN,0,4,0,0,0,NaN
ebaschiera_TripleCamel,4,0,0,0,0,0,0,NaN,0,0,NaN,0,0,NaN,0,0,NaN,0,0,NaN,0,0,NaN,0,0,NaN,0,0,NaN
fasteque_rgb-tool,6,4,0,2,10,0,0,NaN,0,0,NaN,0,0,NaN,0,0,NaN,2,10,0.2,0,0,NaN,2,10,0.2,0,0,NaN
SimpleMobileTools_Simple-Gallery,159,9,0,4,27,0,5,0,0,0,NaN,0,0,NaN,0,5,0,4,22,0.181818181818182,0,2,0,4,20,0.2,0,0,NaN
0xpr03_VocableTrainer-Android,24,0,0,1,1,0,0,NaN,0,0,NaN,0,0,NaN,0,0,NaN,1,1,1,0,0,NaN,1,1,1,0,0,NaN
dkrivoruchko_ScreenStream,6,0,0,0,14,0,4,0,0,0,NaN,0,0,NaN,0,4,0,0,10,0,0,0,NaN,0,10,0,0,0,NaN
erickok_transdroid-search,7,0,0,0,0,0,0,NaN,0,0,NaN,0,0,NaN,0,0,NaN,0,0,NaN,0,0,NaN,0,0,NaN,0,0,NaN
farmerbb_Notepad,9,0,0,0,2,0,0,NaN,0,0,NaN,0,0,NaN,0,0,NaN,0,2,0,0,2,0,0,0,NaN,0,0,NaN
microg_AppleWifiNlpBackend,1,0,0,0,0,0,0,NaN,0,0,NaN,0,0,NaN,0,0,NaN,0,0,NaN,0,0,NaN,0,0,NaN,0,0,NaN
billthefarmer_accordion,6,0,0,0,0,0,0,NaN,0,0,NaN,0,0,NaN,0,0,NaN,0,0,NaN,0,0,NaN,0,0,NaN,0,0,NaN
Glucosio_android,36,0,0,0,6,0,0,NaN,0,0,NaN,0,0,NaN,0,0,NaN,0,6,0,0,0,NaN,0,6,0,0,0,NaN
TobiasBielefeld_Simple-Solitaire,65,0,0,0,0,0,0,NaN,0,0,NaN,0,0,NaN,0,0,NaN,0,0,NaN,0,0,NaN,0,0,NaN,0,0,NaN
szafir1100_drawable-notepad,9,0,0,0,2,0,0,NaN,0,0,NaN,0,0,NaN,0,0,NaN,0,2,0,0,0,NaN,0,2,0,0,0,NaN
andviane_google-books-android-viewer,7,0,0,0,1,0,0,NaN,0,0,NaN,0,0,NaN,0,0,NaN,0,1,0,0,0,NaN,0,1,0,0,0,NaN
gsantner_memetastic,23,0,0,0,6,0,0,NaN,0,0,NaN,0,0,NaN,0,0,NaN,0,6,0,0,0,NaN,0,6,0,0,0,NaN
saschpe_BirthdayCalendar,20,0,0,0,0,0,0,NaN,0,0,NaN,0,0,NaN,0,0,NaN,0,0,NaN,0,0,NaN,0,0,NaN,0,0,NaN
lordi_tickmate,20,0,0,0,1,0,0,NaN,0,0,NaN,0,0,NaN,0,0,NaN,0,1,0,0,0,NaN,0,1,0,0,0,NaN
scoutant_rpn,4,0,0,0,0,0,0,NaN,0,0,NaN,0,0,NaN,0,0,NaN,0,0,NaN,0,0,NaN,0,0,NaN,0,0,NaN
WangDaYeeeeee_Mysplash,24,4,0,1,10,0,0,NaN,0,0,NaN,0,0,NaN,0,0,NaN,1,10,0.1,0,0,NaN,1,10,0.1,0,0,NaN
ctodobom_OpenNoteScanner,13,0,0,0,9,0,0,NaN,0,0,NaN,0,0,NaN,0,0,NaN,0,9,0,0,0,NaN,0,9,0,0,0,NaN
velazcod_Tinfoil-Facebook,3,0,0,0,0,0,0,NaN,0,0,NaN,0,0,NaN,0,0,NaN,0,0,NaN,0,0,NaN,0,0,NaN,0,0,NaN
deltachat_deltachat-android,31,19,0,0,22,0,0,NaN,0,0,NaN,0,0,NaN,0,0,NaN,0,22,0,0,0,NaN,0,22,0,0,0,NaN
wolpi_prim-ftpd,35,0,0,0,2,0,1,0,0,0,NaN,0,0,NaN,0,1,0,0,1,0,0,0,NaN,0,1,0,0,0,NaN
HoraApps_LeafPic,26,5,0,0,3,0,0,NaN,0,0,NaN,0,0,NaN,0,0,NaN,0,3,0,0,0,NaN,0,3,0,0,0,NaN
jiikuy_velocitycalculator,10,0,0,0,4,0,0,NaN,0,0,NaN,0,0,NaN,0,0,NaN,0,4,0,0,0,NaN,0,4,0,0,0,NaN
EvanRespaut_Equate,41,0,0,0,1,0,0,NaN,0,0,NaN,0,0,NaN,0,0,NaN,0,1,0,0,0,NaN,0,1,0,0,0,NaN
SimpleMobileTools_Simple-Calendar,117,5,0,2,16,0,0,NaN,0,0,NaN,0,0,NaN,0,0,NaN,2,16,0.125,0,0,NaN,2,16,0.125,0,0,NaN
SufficientlySecure_calendar-import-export,8,0,0,0,0,0,0,NaN,0,0,NaN,0,0,NaN,0,0,NaN,0,0,NaN,0,0,NaN,0,0,NaN,0,0,NaN
ogarcia_opensudoku,3,0,0,0,0,0,0,NaN,0,0,NaN,0,0,NaN,0,0,NaN,0,0,NaN,0,0,NaN,0,0,NaN,0,0,NaN
commons-app_apps-android-commons,165,4,0,0,23,0,6,0,0,0,NaN,0,0,NaN,0,6,0,0,17,0,0,0,NaN,0,17,0,0,0,NaN
phikal_ReGeX,12,0,0,0,0,0,0,NaN,0,0,NaN,0,0,NaN,0,0,NaN,0,0,NaN,0,0,NaN,0,0,NaN,0,0,NaN
Nyubis_Pomfshare,1,0,0,0,0,0,0,NaN,0,0,NaN,0,0,NaN,0,0,NaN,0,0,NaN,0,0,NaN,0,0,NaN,0,0,NaN
mannd_epmobile,6,0,0,0,0,0,0,NaN,0,0,NaN,0,0,NaN,0,0,NaN,0,0,NaN,0,0,NaN,0,0,NaN,0,0,NaN
janosgyerik_bluetoothviewer,1,0,0,0,0,0,0,NaN,0,0,NaN,0,0,NaN,0,0,NaN,0,0,NaN,0,0,NaN,0,0,NaN,0,0,NaN
qqq3_inventum,5,0,0,0,0,0,0,NaN,0,0,NaN,0,0,NaN,0,0,NaN,0,0,NaN,0,0,NaN,0,0,NaN,0,0,NaN
luarca84_Caramelos,7,0,0,0,0,0,0,NaN,0,0,NaN,0,0,NaN,0,0,NaN,0,0,NaN,0,0,NaN,0,0,NaN,0,0,NaN
douzifly_clear-todolist,2,0,0,0,3,0,0,NaN,0,0,NaN,0,0,NaN,0,0,NaN,0,3,0,0,0,NaN,0,3,0,0,0,NaN
capitoledulibre_cdl-companion-android,32,4,0,0,0,0,0,NaN,0,0,NaN,0,0,NaN,0,0,NaN,0,0,NaN,0,0,NaN,0,0,NaN,0,0,NaN
Utyff_pMetro,4,0,0,0,1,0,0,NaN,0,0,NaN,0,0,NaN,0,0,NaN,0,1,0,0,0,NaN,0,1,0,0,0,NaN
stanipintjuk_Silverfish,25,2,0,4,6,0,0,NaN,0,0,NaN,0,0,NaN,0,0,NaN,4,6,0.666666666666667,0,0,NaN,4,6,0.666666666666667,0,0,NaN
achromaticmetaphor_IMCKTG,8,0,0,0,0,0,0,NaN,0,0,NaN,0,0,NaN,0,0,NaN,0,0,NaN,0,0,NaN,0,0,NaN,0,0,NaN
andresth_Kandroid,40,0,0,4,5,0,0,NaN,0,0,NaN,0,0,NaN,0,0,NaN,4,5,0.8,0,0,NaN,4,5,0.8,0,0,NaN
ultrafunk_netinfo,7,0,0,0,0,0,0,NaN,0,0,NaN,0,0,NaN,0,0,NaN,0,0,NaN,0,0,NaN,0,0,NaN,0,0,NaN
xbmc_Kore,79,25,0,0,21,0,12,0,0,0,NaN,0,0,NaN,0,12,0,0,9,0,0,0,NaN,0,9,0,0,0,NaN
cryptofuture_urlhda-android,3,0,0,0,0,0,0,NaN,0,0,NaN,0,0,NaN,0,0,NaN,0,0,NaN,0,0,NaN,0,0,NaN,0,0,NaN
wallabag_android-app,96,0,0,0,1,0,1,0,0,0,NaN,0,0,NaN,0,1,0,0,0,NaN,0,0,NaN,0,0,NaN,0,0,NaN
rosenpin_DBZ-Battery-Widget,7,0,0,0,0,0,0,NaN,0,0,NaN,0,0,NaN,0,0,NaN,0,0,NaN,0,0,NaN,0,0,NaN,0,0,NaN
Yubico_yubioath-android,21,4,0,0,6,0,3,0,0,0,NaN,0,0,NaN,0,3,0,0,3,0,0,0,NaN,0,3,0,0,0,NaN
redfish64_TinyTravelTracker,2,0,0,0,0,0,0,NaN,0,0,NaN,0,0,NaN,0,0,NaN,0,0,NaN,0,0,NaN,0,0,NaN,0,0,NaN
TheTorProject_ooniprobe-android,41,0,0,0,1,0,0,NaN,0,0,NaN,0,0,NaN,0,0,NaN,0,1,0,0,0,NaN,0,1,0,0,0,NaN
tasks_tasks,67,1,0,6,18,0,9,0,0,0,NaN,0,0,NaN,0,9,0,6,9,0.666666666666667,6,6,1,0,3,0,0,0,NaN
AdAway_AdAway,1,0,0,0,0,0,0,NaN,0,0,NaN,0,0,NaN,0,0,NaN,0,0,NaN,0,0,NaN,0,0,NaN,0,0,NaN
rparkins999_CalendarTrigger,8,2,0,1,7,0,1,0,0,0,NaN,0,0,NaN,0,1,0,1,6,0.166666666666667,0,0,NaN,1,6,0.166666666666667,0,0,NaN
corcoran_Hangar,1,0,0,0,0,0,0,NaN,0,0,NaN,0,0,NaN,0,0,NaN,0,0,NaN,0,0,NaN,0,0,NaN,0,0,NaN
j4velin_WiFi-Auto-Off,12,0,0,0,0,0,0,NaN,0,0,NaN,0,0,NaN,0,0,NaN,0,0,NaN,0,0,NaN,0,0,NaN,0,0,NaN
brarcher_rental-calc,20,0,0,0,2,0,0,NaN,0,0,NaN,0,0,NaN,0,0,NaN,0,2,0,0,0,NaN,0,2,0,0,0,NaN
vanilla-music_vanilla-music-lyrics-search,4,0,0,0,0,0,0,NaN,0,0,NaN,0,0,NaN,0,0,NaN,0,0,NaN,0,0,NaN,0,0,NaN,0,0,NaN
dotWee_MicroPinner,11,0,0,0,0,0,0,NaN,0,0,NaN,0,0,NaN,0,0,NaN,0,0,NaN,0,0,NaN,0,0,NaN,0,0,NaN
jensstein_oandbackup,7,0,0,0,0,0,0,NaN,0,0,NaN,0,0,NaN,0,0,NaN,0,0,NaN,0,0,NaN,0,0,NaN,0,0,NaN
billthefarmer_crossword,14,0,0,0,0,0,0,NaN,0,0,NaN,0,0,NaN,0,0,NaN,0,0,NaN,0,0,NaN,0,0,NaN,0,0,NaN
jereksel_Bucket,3,0,0,0,2,0,0,NaN,0,0,NaN,0,0,NaN,0,0,NaN,0,2,0,0,0,NaN,0,2,0,0,0,NaN
ka-ba_yucata.envoy,8,0,0,0,0,0,0,NaN,0,0,NaN,0,0,NaN,0,0,NaN,0,0,NaN,0,0,NaN,0,0,NaN,0,0,NaN
ppareit_swiftp,22,0,0,0,0,0,0,NaN,0,0,NaN,0,0,NaN,0,0,NaN,0,0,NaN,0,0,NaN,0,0,NaN,0,0,NaN
scoute-dich_browser,63,24,0,4,12,0,0,NaN,0,0,NaN,0,0,NaN,0,0,NaN,4,12,0.333333333333333,0,0,NaN,4,12,0.333333333333333,0,0,NaN
saschpe_PlanningPoker,18,2,0,0,0,0,0,NaN,0,0,NaN,0,0,NaN,0,0,NaN,0,0,NaN,0,0,NaN,0,0,NaN,0,0,NaN
seizonsenryaku_HayaiLauncher,6,0,0,0,0,0,0,NaN,0,0,NaN,0,0,NaN,0,0,NaN,0,0,NaN,0,0,NaN,0,0,NaN,0,0,NaN
TheUberCatman_crates-io-android,7,0,0,0,0,0,0,NaN,0,0,NaN,0,0,NaN,0,0,NaN,0,0,NaN,0,0,NaN,0,0,NaN,0,0,NaN
ankidroid_Anki-Android,50,0,0,0,5,0,1,0,0,0,NaN,0,0,NaN,0,1,0,0,4,0,0,4,0,0,0,NaN,0,0,NaN
imshyam_mintube,4,0,0,0,2,0,0,NaN,0,0,NaN,0,0,NaN,0,0,NaN,0,2,0,0,0,NaN,0,2,0,0,0,NaN
x1125_initd-light,4,0,0,0,0,0,0,NaN,0,0,NaN,0,0,NaN,0,0,NaN,0,0,NaN,0,0,NaN,0,0,NaN,0,0,NaN
michaelachmann_LnkShortener,5,0,0,0,0,0,0,NaN,0,0,NaN,0,0,NaN,0,0,NaN,0,0,NaN,0,0,NaN,0,0,NaN,0,0,NaN
bobthekingofegypt_BobBall,4,0,0,0,0,0,0,NaN,0,0,NaN,0,0,NaN,0,0,NaN,0,0,NaN,0,0,NaN,0,0,NaN,0,0,NaN
valerio-bozzolan_AcrylicPaint,9,0,0,0,2,0,0,NaN,0,0,NaN,0,0,NaN,0,0,NaN,0,2,0,0,0,NaN,0,2,0,0,0,NaN
SecUSo_privacy-friendly-shopping-list,20,1,0,0,3,0,0,NaN,0,0,NaN,0,0,NaN,0,0,NaN,0,3,0,0,0,NaN,0,3,0,0,0,NaN
jakobwenzel_MensaGuthaben,2,0,0,0,0,0,0,NaN,0,0,NaN,0,0,NaN,0,0,NaN,0,0,NaN,0,0,NaN,0,0,NaN,0,0,NaN
0iras0r_ils-companion-android,17,2,0,0,1,0,1,0,0,0,NaN,0,0,NaN,0,1,0,0,0,NaN,0,0,NaN,0,0,NaN,0,0,NaN
billthefarmer_tuner,7,0,0,0,0,0,0,NaN,0,0,NaN,0,0,NaN,0,0,NaN,0,0,NaN,0,0,NaN,0,0,NaN,0,0,NaN
renyuneyun_Easer,38,0,0,0,0,0,0,NaN,0,0,NaN,0,0,NaN,0,0,NaN,0,0,NaN,0,0,NaN,0,0,NaN,0,0,NaN
clementine-player_Android-Remote,24,0,0,0,6,0,0,NaN,0,0,NaN,0,0,NaN,0,0,NaN,0,6,0,0,0,NaN,0,6,0,0,0,NaN
n76_Local-GSM-Backend,14,0,0,0,4,0,4,0,0,0,NaN,0,0,NaN,0,4,0,0,0,NaN,0,0,NaN,0,0,NaN,0,0,NaN
sorz_TinyKeePass,19,6,0,0,5,0,0,NaN,0,0,NaN,0,0,NaN,0,0,NaN,0,5,0,0,0,NaN,0,5,0,0,0,NaN
pocmo_Yaaic,1,0,0,0,0,0,0,NaN,0,0,NaN,0,0,NaN,0,0,NaN,0,0,NaN,0,0,NaN,0,0,NaN,0,0,NaN
rosenpin_More-For-GO,6,0,0,0,2,0,0,NaN,0,0,NaN,0,0,NaN,0,0,NaN,0,2,0,0,0,NaN,0,2,0,0,0,NaN
Renard1911_BaiApp,1,0,0,0,0,0,0,NaN,0,0,NaN,0,0,NaN,0,0,NaN,0,0,NaN,0,0,NaN,0,0,NaN,0,0,NaN
nilesr_United4,15,0,0,0,0,0,0,NaN,0,0,NaN,0,0,NaN,0,0,NaN,0,0,NaN,0,0,NaN,0,0,NaN,0,0,NaN
hwki_SimpleBitcoinWidget,3,0,0,0,0,0,0,NaN,0,0,NaN,0,0,NaN,0,0,NaN,0,0,NaN,0,0,NaN,0,0,NaN,0,0,NaN
flyingrub_SpeedMeter,8,0,0,0,4,0,0,NaN,0,0,NaN,0,0,NaN,0,0,NaN,0,4,0,0,0,NaN,0,4,0,0,0,NaN
PhotoBackup_client-android,32,0,0,0,2,0,0,NaN,0,0,NaN,0,0,NaN,0,0,NaN,0,2,0,0,0,NaN,0,2,0,0,0,NaN
milesmcc_LibreNews-Android,15,0,0,0,0,0,0,NaN,0,0,NaN,0,0,NaN,0,0,NaN,0,0,NaN,0,0,NaN,0,0,NaN,0,0,NaN
tobykurien_GoogleNews,1,0,0,0,0,0,0,NaN,0,0,NaN,0,0,NaN,0,0,NaN,0,0,NaN,0,0,NaN,0,0,NaN,0,0,NaN
termux_termux-tasker,9,0,0,0,0,0,0,NaN,0,0,NaN,0,0,NaN,0,0,NaN,0,0,NaN,0,0,NaN,0,0,NaN,0,0,NaN
wish7code_org.openbmap.unifiedNlpProvider,8,2,0,0,5,0,5,0,0,0,NaN,0,0,NaN,0,5,0,0,0,NaN,0,0,NaN,0,0,NaN,0,0,NaN
genonbeta_TrebleShot,17,0,0,0,0,0,0,NaN,0,0,NaN,0,0,NaN,0,0,NaN,0,0,NaN,0,0,NaN,0,0,NaN,0,0,NaN
nextcloud_android,122,15,1,1,14,0,2,0,0,0,NaN,0,0,NaN,0,2,0,1,12,0.083333333333333,1,1,1,0,11,0,0,0,NaN
kaliturin_BlackList,41,0,0,0,0,0,0,NaN,0,0,NaN,0,0,NaN,0,0,NaN,0,0,NaN,0,0,NaN,0,0,NaN,0,0,NaN
SecUSo_privacy-friendly-netmonitor,18,2,1,1,3,0,0,NaN,0,0,NaN,0,0,NaN,0,0,NaN,1,3,0.333333333333333,0,0,NaN,1,3,0.333333333333333,0,0,NaN
shkcodes_Lyrically,19,0,0,0,0,0,0,NaN,0,0,NaN,0,0,NaN,0,0,NaN,0,0,NaN,0,0,NaN,0,0,NaN,0,0,NaN
vijai1996_screenrecorder,18,0,0,0,0,0,0,NaN,0,0,NaN,0,0,NaN,0,0,NaN,0,0,NaN,0,0,NaN,0,0,NaN,0,0,NaN
WeAreFairphone_android_packages_apps_MyContactsWidget,4,0,0,0,0,0,0,NaN,0,0,NaN,0,0,NaN,0,0,NaN,0,0,NaN,0,0,NaN,0,0,NaN,0,0,NaN
raulhaag_MiMangaNu,113,0,0,0,4,0,0,NaN,0,0,NaN,0,0,NaN,0,0,NaN,0,4,0,0,0,NaN,0,4,0,0,0,NaN
nbenm_ImapNote2,3,0,0,0,1,0,0,NaN,0,0,NaN,0,0,NaN,0,0,NaN,0,1,0,0,0,NaN,0,1,0,0,0,NaN
passcard4android_PassCard,3,0,0,0,0,0,0,NaN,0,0,NaN,0,0,NaN,0,0,NaN,0,0,NaN,0,0,NaN,0,0,NaN,0,0,NaN
Wilm0r_giggity,54,0,0,0,6,0,0,NaN,0,0,NaN,0,0,NaN,0,0,NaN,0,6,0,0,0,NaN,0,6,0,0,0,NaN
Cj-Malone_Screens,13,0,0,0,0,0,0,NaN,0,0,NaN,0,0,NaN,0,0,NaN,0,0,NaN,0,0,NaN,0,0,NaN,0,0,NaN
billthefarmer_editor,27,1,0,1,7,0,0,NaN,0,0,NaN,0,0,NaN,0,0,NaN,1,7,0.142857142857143,0,0,NaN,1,7,0.142857142857143,0,0,NaN
JiriSko_amixer-webui-android,6,0,0,0,1,0,0,NaN,0,0,NaN,0,0,NaN,0,0,NaN,0,1,0,0,0,NaN,0,1,0,0,0,NaN
sheimi_SGit,22,0,0,1,2,0,0,NaN,0,0,NaN,0,0,NaN,0,0,NaN,1,2,0.5,0,0,NaN,1,2,0.5,0,0,NaN
daktak_basketbuild_downloader,8,0,0,0,2,0,0,NaN,0,0,NaN,0,0,NaN,0,0,NaN,0,2,0,0,0,NaN,0,2,0,0,0,NaN
hidroh_materialistic,53,0,0,0,9,0,0,NaN,0,0,NaN,0,0,NaN,0,0,NaN,0,9,0,0,0,NaN,0,9,0,0,0,NaN
nutritionfactsorg_daily-dozen-android,27,0,0,0,0,0,0,NaN,0,0,NaN,0,0,NaN,0,0,NaN,0,0,NaN,0,0,NaN,0,0,NaN,0,0,NaN
SecUSo_privacy-friendly-sudoku,10,0,0,0,4,0,0,NaN,0,0,NaN,0,0,NaN,0,0,NaN,0,4,0,0,0,NaN,0,4,0,0,0,NaN
SecUSo_privacy-friendly-pain-diary,21,2,0,0,2,0,0,NaN,0,0,NaN,0,0,NaN,0,0,NaN,0,2,0,0,0,NaN,0,2,0,0,0,NaN
slapperwan_gh4a,14,0,0,0,0,0,0,NaN,0,0,NaN,0,0,NaN,0,0,NaN,0,0,NaN,0,0,NaN,0,0,NaN,0,0,NaN
SimpleMobileTools_Simple-Calculator,43,0,0,0,5,0,0,NaN,0,0,NaN,0,0,NaN,0,0,NaN,0,5,0,0,0,NaN,0,5,0,0,0,NaN
LukeStonehm_LogicalDefence,14,0,0,0,0,0,0,NaN,0,0,NaN,0,0,NaN,0,0,NaN,0,0,NaN,0,0,NaN,0,0,NaN,0,0,NaN
BiglySoftware_BiglyBT-Android,11,0,0,0,1,0,1,0,0,0,NaN,0,0,NaN,0,1,0,0,0,NaN,0,0,NaN,0,0,NaN,0,0,NaN
caarmen_network-monitor,17,0,0,0,1,0,1,0,0,0,NaN,0,0,NaN,0,1,0,0,0,NaN,0,0,NaN,0,0,NaN,0,0,NaN
quaap_LaunchTime,48,0,0,0,2,0,0,NaN,0,0,NaN,0,0,NaN,0,0,NaN,0,2,0,0,0,NaN,0,2,0,0,0,NaN
TTTDevs_NextCloudBookmarksAndroid,5,0,0,0,0,0,0,NaN,0,0,NaN,0,0,NaN,0,0,NaN,0,0,NaN,0,0,NaN,0,0,NaN,0,0,NaN
subchannel13_EnchantedFortress,24,0,0,0,0,0,0,NaN,0,0,NaN,0,0,NaN,0,0,NaN,0,0,NaN,0,0,NaN,0,0,NaN,0,0,NaN
AnaelMobilia_NextINpact-Unofficial,21,0,0,0,0,0,0,NaN,0,0,NaN,0,0,NaN,0,0,NaN,0,0,NaN,0,0,NaN,0,0,NaN,0,0,NaN
nvllsvm_Audinaut,16,2,0,0,0,0,0,NaN,0,0,NaN,0,0,NaN,0,0,NaN,0,0,NaN,0,0,NaN,0,0,NaN,0,0,NaN
k3b_androFotoFinder,109,4,0,0,7,0,1,0,0,0,NaN,0,0,NaN,0,1,0,0,6,0,0,0,NaN,0,6,0,0,0,NaN
AsteroidOS_AsteroidOSSync,57,0,0,0,0,0,0,NaN,0,0,NaN,0,0,NaN,0,0,NaN,0,0,NaN,0,0,NaN,0,0,NaN,0,0,NaN
maks_MGit,51,0,0,2,2,0,0,NaN,0,0,NaN,0,0,NaN,0,0,NaN,2,2,1,0,0,NaN,2,2,1,0,0,NaN
SecUSo_privacy-friendly-weather,39,2,0,1,3,0,0,NaN,0,0,NaN,0,0,NaN,0,0,NaN,1,3,0.333333333333333,0,0,NaN,1,3,0.333333333333333,0,0,NaN
CriticalMaps_criticalmaps-android,19,0,0,0,2,0,1,0,0,0,NaN,0,0,NaN,0,1,0,0,1,0,0,0,NaN,0,1,0,0,0,NaN
raatmarien_red-moon,111,3,0,3,6,0,0,NaN,0,0,NaN,0,0,NaN,0,0,NaN,3,6,0.5,3,3,1,0,3,0,0,0,NaN
AEFeinstein_mtg-familiar,73,5,0,0,18,0,0,NaN,0,0,NaN,0,0,NaN,0,0,NaN,0,18,0,0,0,NaN,0,18,0,0,0,NaN
LISTEN-moe_android-app,23,0,0,0,0,0,0,NaN,0,0,NaN,0,0,NaN,0,0,NaN,0,0,NaN,0,0,NaN,0,0,NaN,0,0,NaN
brarcher_loyalty-card-locker,41,0,0,0,2,0,0,NaN,0,0,NaN,0,0,NaN,0,0,NaN,0,2,0,0,0,NaN,0,2,0,0,0,NaN
nv95_OpenManga,41,3,0,0,5,0,0,NaN,0,0,NaN,0,0,NaN,0,0,NaN,0,5,0,0,0,NaN,0,5,0,0,0,NaN
ccrama_Slide,115,11,1,2,74,0,11,0,0,0,NaN,0,0,NaN,0,11,0,2,63,0.031746031746032,0,1,0,2,62,0.032258064516129,0,0,NaN
SimpleMobileTools_Simple-Music-Player,80,4,0,0,5,0,0,NaN,0,0,NaN,0,0,NaN,0,0,NaN,0,5,0,0,0,NaN,0,5,0,0,0,NaN
quarck_CalendarNotification,93,14,0,4,15,0,0,NaN,0,0,NaN,0,0,NaN,0,0,NaN,4,15,0.266666666666667,0,0,NaN,4,15,0.266666666666667,0,0,NaN
orgzly_orgzly-android,82,0,0,0,3,0,0,NaN,0,0,NaN,0,0,NaN,0,0,NaN,0,3,0,0,0,NaN,0,3,0,0,0,NaN
yeriomin_YalpStore,56,0,0,0,0,0,0,NaN,0,0,NaN,0,0,NaN,0,0,NaN,0,0,NaN,0,0,NaN,0,0,NaN,0,0,NaN
NHellFire_KernelAdiutor,67,2,0,0,6,0,0,NaN,0,0,NaN,0,0,NaN,0,0,NaN,0,6,0,0,1,0,0,5,0,0,0,NaN
vector-im_riot-android,124,15,0,0,26,0,0,NaN,0,0,NaN,0,0,NaN,0,0,NaN,0,26,0,0,0,NaN,0,26,0,0,0,NaN
wikimedia_apps-android-wikipedia,200,16,1,1,36,1,1,1,0,0,NaN,1,1,1,0,0,NaN,0,35,0,0,0,NaN,0,35,0,0,0,NaN
ultrasonic_ultrasonic,42,430,0,834,2614,0,0,NaN,0,0,NaN,0,0,NaN,0,0,NaN,834,2614,0.319051262433053,834,2614,0.319051262433053,0,0,NaN,0,0,NaN
